now_us,bytes_acked,mss,rtt_us,tp_deliver_rate,tp_interval,tp_delivered,lost_pkt,total_retrans_pkt,app_limited,snd_nxt,sk_pacing_rate,snd_cwnd,snd_una
0,1376,1376,42078,0,0,2,0,0,0,2126101374,683522,10.0,
9928,2752,1376,52006,1,42078,3,0,0,1,2126104126,747659,11.0,
9984,4128,1376,52058,2,52006,4,0,0,1,2126106878,787624,12.0,
10003,5504,1376,52077,3,52062,5,0,0,1,2126109630,828246,13.0,
10016,6880,1376,51973,4,52081,6,0,0,1,2126109630,869603,14.0,
10027,8256,1376,51984,5,52094,7,0,0,1,2126109630,911988,15.0,
10038,9632,1376,51995,6,52105,8,0,0,1,2126109630,955060,16.0,
10048,11008,1376,52005,7,52116,9,0,0,1,2126109630,998796,17.0,
10059,12384,1376,51940,8,52126,10,0,0,1,2126109630,1043170,18.0,
10076,13760,1376,51957,9,52137,11,0,0,1,2126109630,1088364,19.0,
38570,15136,1376,38547,10,52154,12,0,0,1,2126128894,1134094,20.0,
52901,16512,1376,52878,10,42101,13,0,0,0,2126131646,1222231,21.0,
52988,17888,1376,43028,11,52901,14,0,0,0,2126134398,1261773,22.0,
57462,19264,1376,47502,11,52038,15,0,0,0,2126137150,1336377,23.0,
57531,20640,1376,45824,12,52038,16,0,0,0,2126139902,1393969,24.0,
60586,22016,1376,48879,12,53781,17,0,0,0,2126142654,1458040,25.0,
61216,23392,1376,46186,13,53781,18,0,0,0,2126145406,1509591,26.0,
65557,24768,1376,50527,7,56911,19,0,0,0,2126148158,1572679,27.0,
73331,26144,1376,55875,8,56911,20,0,0,0,2126150910,1616891,28.0,
73418,27520,1376,55962,9,63255,21,0,0,0,2126153662,1639298,29.0,
73451,28896,1376,53568,10,63342,22,0,0,0,2126156414,1664717,30.0,
74089,30272,1376,54206,11,63375,23,0,0,0,2126159166,1703148,31.0,
78681,31648,1376,56371,12,64013,24,0,0,0,2126160542,1740214,32.0,
90638,33024,1376,68328,13,68605,25,0,0,0,2126163294,1769395,33.0,
90730,34400,1376,65994,14,80562,26,0,0,0,2126166046,1750529,34.0,
96347,35776,1376,71611,15,80654,27,0,0,0,2126168798,1750663,35.0,
101371,37152,1376,74208,16,86271,28,0,0,0,2126171550,1735270,36.0,
101443,38528,1376,74280,17,91295,29,0,0,0,2126174302,1719056,37.0,
101472,39904,1376,71883,18,91367,30,0,0,0,2126177054,1711176,38.0,
101488,41280,1376,71899,19,91396,31,0,0,0,2126177054,1718354,39.0,
101503,42656,1376,62906,20,91412,32,0,0,0,2126177054,1729736,40.0,
105696,44032,1376,67099,20,62933,33,0,0,0,2126185310,1775536,41.0,
106211,45408,1376,53277,21,67126,34,0,0,0,2126188062,1806225,42.0,
106252,46784,1376,53318,21,53310,35,0,0,0,2126188062,1888763,43.0,
106273,48160,1376,52249,22,53351,36,0,0,0,2126188062,1969362,44.0,
106288,49536,1376,52264,22,53285,37,0,0,0,2126188062,2052663,45.0,
106303,55040,1376,47823,23,53300,41,0,0,0,2126188062,2133944,46.0,
106320,56416,1376,45704,25,48772,42,0,0,0,2126188062,2372050,50.0,
106335,57792,1376,45719,25,48909,43,0,0,0,2126188062,2485387,51.0,
106378,59168,1376,44187,26,48909,44,0,0,0,2126188062,2595896,52.0,
108523,60544,1376,46332,26,47161,45,0,0,0,2126190814,2713120,53.0,
108563,61920,1376,42974,27,47307,46,0,0,0,2126190814,2812887,54.0,
113094,63296,1376,47505,27,50559,47,0,0,0,2126204574,2933390,55.0,
113130,64672,1376,39753,28,50559,48,0,0,0,2126204574,3016643,56.0,
113148,66048,1376,39771,28,55921,49,0,0,0,2126204574,3158091,57.0,
113166,67424,1376,38949,29,55921,50,0,0,0,2126204574,3295595,58.0,
115211,68800,1376,40994,29,56761,51,0,0,0,2126210078,3436532,59.0,
115241,70176,1376,39371,30,56761,52,0,0,0,2126210078,3553566,60.0,
115259,71552,1376,39389,30,55987,53,0,0,0,2126210078,3683089,61.0,
125087,72928,1376,47601,31,55987,54,0,0,0,2126244478,3808114,62.0,
125137,74304,1376,46410,31,57603,55,0,0,0,2126247230,3839585,63.0,
125156,75680,1376,46429,31,56417,56,0,0,0,2126247230,3887016,64.0,
139915,77056,1376,49225,32,56417,57,0,0,0,2126252734,3935612,65.0,
139984,78432,1376,49294,32,68380,58,0,0,0,2126255486,3955110,66.0,
140012,79808,1376,48536,33,68380,59,0,0,0,2126258238,3978530,67.0,
148692,81184,1376,57216,33,66740,60,0,0,0,2126260990,4014178,68.0,
148763,82560,1376,52371,34,66740,61,0,0,0,2126263742,3960662,69.0,
152894,83936,1376,56502,34,71656,62,0,0,0,2126266494,3972204,70.0,
168753,85312,1376,67351,35,71656,63,0,0,0,2126269246,3947502,71.0,
168824,86688,1376,67422,35,74239,64,0,0,0,2126271998,3830396,72.0,
174443,88064,1376,72241,36,74239,65,0,0,0,2126274750,3741707,73.0,
174512,89440,1376,72310,36,75039,66,0,0,0,2126277502,3635938,74.0,
175725,90816,1376,71914,37,75039,67,0,0,0,2126280254,3555716,75.0,
176965,92192,1376,73154,35,74222,68,0,0,0,2126283006,3498651,76.0,
177039,93568,1376,71678,36,75462,69,0,0,0,2126285758,3448256,77.0,
177745,94944,1376,72384,37,75536,70,0,0,0,2126288510,3421862,78.0,
179298,96320,1376,72388,38,76242,71,0,0,0,2126289886,3400320,79.0,
179667,97696,1376,72757,39,77795,72,0,0,0,2126292638,3387396,80.0,
185509,99072,1376,77049,40,78164,73,0,0,0,2126295390,3379278,81.0,
220383,100448,1376,111923,40,79813,74,0,0,0,2126298142,3350616,82.0,
220473,101824,1376,110489,41,114687,75,0,0,0,2126300894,3132349,83.0,
220511,103200,1376,110527,31,114095,76,0,0,0,2126303646,2978292,84.0,
230965,104576,1376,119967,32,114133,77,0,0,0,2126306398,2862058,85.0,
231034,105952,1376,120036,31,122402,78,0,0,0,2126309150,2735748,86.0,
231063,107328,1376,119126,32,122471,79,0,0,0,2126311902,2639688,87.0,
231079,108704,1376,119142,33,122500,80,0,0,0,2126311902,2569377,88.0,
231097,110080,1376,118222,34,122516,81,0,0,0,2126311902,2515545,89.0,
231112,111456,1376,118237,35,122534,82,0,0,0,2126311902,2477472,90.0,
231127,112832,1376,117314,36,122549,83,0,0,0,2126311902,2449069,91.0,
231142,114208,1376,117329,37,122564,84,0,0,0,2126311902,2431229,92.0,
231171,115584,1376,116420,38,122579,85,0,0,0,2126311902,2419349,93.0,
231186,116960,1376,116435,39,122608,86,0,0,0,2126311902,2415021,94.0,
231201,118336,1376,115512,40,122623,87,0,0,0,2126311902,2414455,95.0,
231216,119712,1376,115527,37,118035,88,0,0,0,2126311902,2419673,96.0,
231230,121088,1376,114740,38,118050,89,0,0,0,2126311902,2427254,97.0,
231245,122464,1376,114755,39,118064,90,0,0,0,2126311902,2439073,98.0,
231259,123840,1376,113968,40,118079,91,0,0,0,2126311902,2452368,99.0,
231274,125216,1376,113983,38,116000,92,0,0,0,2126311902,2469157,100.0,
236744,126592,1376,118731,39,116015,93,0,0,0,2126328414,2486798,101.0,
241739,127968,1376,123726,40,121485,94,0,0,0,2126342174,2492023,102.0,
241778,129344,1376,123042,41,126480,95,0,0,0,2126342174,2485875,103.0,
241796,130720,1376,123060,42,126519,96,0,0,0,2126342174,2485444,104.0,
241813,132096,1376,122354,43,126537,97,0,0,0,2126342174,2487988,105.0,
241831,133472,1376,122372,44,126554,98,0,0,0,2126342174,2495002,106.0,
241845,134848,1376,121664,45,126572,99,0,0,0,2126342174,2503940,107.0,
241861,136224,1376,121680,46,126586,100,0,0,0,2126342174,2516471,108.0,
241876,137600,1376,120972,47,126602,101,0,0,0,2126342174,2530206,109.0,
241905,138976,1376,120640,48,126617,102,0,0,0,2126342174,2546926,110.0,
241920,140352,1376,120655,49,126646,103,0,0,0,2126342174,2565269,111.0,
241935,141728,1376,119947,50,126661,104,0,0,0,2126342174,2584105,112.0,
241949,143104,1376,119961,51,126676,105,0,0,0,2126342174,2605345,113.0,
241964,144480,1376,119253,52,126690,106,0,0,0,2126342174,2626748,114.0,
241978,145856,1376,119267,53,126705,107,0,0,0,2126342174,2650294,115.0,
241993,147232,1376,118560,54,126719,108,0,0,0,2126342174,2673749,116.0,
242007,148608,1376,118574,55,126734,109,0,0,0,2126342174,2699155,117.0,
242044,149984,1376,117888,56,126748,110,0,0,0,2126342174,2724269,118.0,
242060,151360,1376,117904,57,126785,111,0,0,0,2126342174,2751144,119.0,
242074,152736,1376,117195,58,126801,112,0,0,0,2126342174,2777568,120.0,
242088,154112,1376,117209,59,126815,113,0,0,0,2126342174,2805729,121.0,
242146,155488,1376,116545,60,126829,114,0,0,0,2126342174,2833312,122.0,
242172,156864,1376,116571,61,126887,115,0,0,0,2126342174,2862433,123.0,
242185,158240,1376,115861,62,126913,116,0,0,0,2126342174,2890848,124.0,
250459,159616,1376,124135,62,117098,117,0,0,0,2126365566,2920913,125.0,
250496,160992,1376,123455,63,125372,118,0,0,0,2126365566,2924526,126.0,
250514,162368,1376,123473,62,125340,119,0,0,0,2126365566,2932621,127.0,
250530,163744,1376,122790,63,125358,120,0,0,0,2126365566,2942458,128.0,
250544,165120,1376,122804,64,125374,121,0,0,0,2126365566,2955952,129.0,
250562,166496,1376,110616,65,125388,122,0,0,0,2126365566,2970503,130.0,
250577,167872,1376,110631,65,110647,123,0,0,0,2126365566,3024178,131.0,
250592,170624,1376,110298,66,110662,125,0,0,0,2126365566,3074922,132.0,
250617,172000,1376,109632,67,110608,126,0,0,0,2126365566,3147619,134.0,
250632,173376,1376,109647,67,110605,127,0,0,0,2126365566,3196775,135.0,
257517,174752,1376,108792,68,110620,128,0,0,0,2126387582,3243374,136.0,
257553,176128,1376,108828,68,108825,129,0,0,0,2126387582,3290759,137.0,
257572,177504,1376,108499,69,108861,130,0,0,0,2126387582,3335677,138.0,
257588,178880,1376,108515,69,108809,131,0,0,0,2126387582,3379711,139.0,
258264,180256,1376,105337,70,108825,132,0,0,0,2126390334,3421665,140.0,
258548,181632,1376,105621,70,105370,133,0,0,0,2126390334,3474117,141.0,
258569,183008,1376,89784,71,105654,134,0,0,0,2126390334,3522690,142.0,
258585,184384,1376,89800,71,89816,135,0,0,0,2126390334,3634102,143.0,
274868,185760,1376,105724,72,89832,136,0,0,0,2126452254,3739320,144.0,
274905,187136,1376,105761,72,106044,137,0,0,0,2126452254,3766415,145.0,
274925,188512,1376,100451,73,106081,138,0,0,0,2126452254,3793219,146.0,
274940,189888,1376,100466,73,100482,139,0,0,0,2126452254,3844022,147.0,
274955,191264,1376,100103,74,100497,140,0,0,0,2126452254,3892238,148.0,
274970,192640,1376,100118,74,100443,141,0,0,0,2126452254,3939904,149.0,
274984,194016,1376,99236,75,100458,142,0,0,0,2126452254,3985286,150.0,
274999,195392,1376,99251,75,99259,143,0,0,0,2126452254,4033002,151.0,
275028,196768,1376,98029,76,99274,144,0,0,0,2126452254,4078443,152.0,
275046,198144,1376,98047,76,98063,145,0,0,0,2126452254,4128091,153.0,
275061,199520,1376,97663,77,98081,146,0,0,0,2126452254,4175283,154.0,
275076,200896,1376,97678,77,98022,147,0,0,0,2126452254,4222368,155.0,
275091,202272,1376,96888,78,98037,148,0,0,0,2126452254,4267271,156.0,
275106,203648,1376,95785,78,97346,149,0,0,0,2126452254,4314551,157.0,
275120,205024,1376,95799,78,95808,150,0,0,0,2126452254,4365770,158.0,
275136,206400,1376,95409,79,95822,151,0,0,0,2126452254,4414438,159.0,
275159,207776,1376,95432,79,95469,152,0,0,0,2126452254,4463100,160.0,
342168,209152,1376,156608,80,95492,153,0,0,0,2126516926,4509420,161.0,
342258,210528,1376,156698,80,156659,154,0,0,0,2126519678,4223858,162.0,
349055,211904,1376,128622,81,156749,155,0,0,0,2126522430,4007195,163.0,
349145,213280,1376,128712,81,128672,156,0,0,0,2126525182,3958058,164.0,
349179,214656,1376,128307,82,128762,157,0,0,0,2126527934,3919102,165.0,
349207,216032,1376,128335,82,128706,158,0,0,0,2126527934,3890622,166.0,
349227,217408,1376,127431,83,128734,159,0,0,0,2126527934,3869093,167.0,
349246,218784,1376,127450,83,128716,160,0,0,0,2126527934,3857159,168.0,
349265,220160,1376,118269,84,128735,161,0,0,0,2126527934,3849663,169.0,
349283,221536,1376,118287,84,119998,162,0,0,0,2126527934,3882658,170.0,
349316,222912,1376,117817,85,119998,163,0,0,0,2126527934,3914460,171.0,
349335,224288,1376,117836,85,120501,164,0,0,0,2126527934,3947205,172.0,
349353,225664,1376,116812,86,120501,165,0,0,0,2126527934,3978789,173.0,
349371,227040,1376,116830,73,118079,166,0,0,0,2126527934,4013721,174.0,
385808,228416,1376,152160,74,118097,167,0,0,0,2126554078,4047271,175.0,
385899,229792,1376,152251,75,154534,168,0,0,0,2126556830,3933356,176.0,
385936,231168,1376,151181,76,154625,169,0,0,0,2126559582,3842161,177.0,
385957,232544,1376,151202,77,154662,170,0,0,0,2126559582,3773086,178.0,
385977,233920,1376,150116,78,154683,171,0,0,0,2126559582,3717778,179.0,
385996,235296,1376,150135,79,154703,172,0,0,0,2126559582,3677433,180.0,
386014,236672,1376,149046,80,154722,173,0,0,0,2126559582,3645653,181.0,
386033,238048,1376,149065,81,154740,174,0,0,0,2126559582,3624626,182.0,
386067,239424,1376,147992,82,154759,175,0,0,0,2126559582,3609015,183.0,
386085,240800,1376,148010,83,154793,176,0,0,0,2126559582,3601479,184.0,
386104,242176,1376,146923,84,154811,177,0,0,0,2126559582,3597353,185.0,
386122,243552,1376,146941,84,149360,178,0,0,0,2126559582,3599640,186.0,
386141,244928,1376,145855,85,149378,179,0,0,0,2126559582,3603973,187.0,
386159,246304,1376,145873,86,149397,180,0,0,0,2126559582,3613560,188.0,
386177,247680,1376,144787,87,149415,181,0,0,0,2126559582,3624247,189.0,
386195,249056,1376,144805,88,149433,182,0,0,0,2126559582,3639385,190.0,
386236,250432,1376,143742,89,149451,183,0,0,0,2126559582,3654936,191.0,
386255,251808,1376,143761,90,149492,184,0,0,0,2126559582,3674302,192.0,
386273,253184,1376,142674,91,149511,185,0,0,0,2126559582,3693580,193.0,
386291,254560,1376,142692,92,149529,186,0,0,0,2126559582,3716352,194.0,
386310,255936,1376,141607,93,149547,187,0,0,0,2126559582,3738655,195.0,
386328,257312,1376,141625,71,144125,188,0,0,0,2126559582,3764157,196.0,
386347,258688,1376,140702,72,144143,189,0,0,0,2126559582,3788885,197.0,
386365,260064,1376,140720,73,144162,190,0,0,0,2126559582,3816072,198.0,
386396,261440,1376,139809,74,144180,191,0,0,0,2126559582,3842304,199.0,
386415,262816,1376,139828,75,144211,192,0,0,0,2126559582,3870853,200.0,
386441,264192,1376,138912,76,144230,193,0,0,0,2126559582,3898302,201.0,
386459,265568,1376,138930,77,144256,194,0,0,0,2126559582,3928018,202.0,
386478,266944,1376,138006,78,144274,195,0,0,0,2126559582,3956522,203.0,
386497,268320,1376,137554,79,144293,196,0,0,0,2126559582,3987279,204.0,
386515,269696,1376,137572,80,144312,197,0,0,0,2126559582,4018401,205.0,
386534,271072,1376,136649,81,144330,198,0,0,0,2126559582,4048175,206.0,
386566,272448,1376,136681,82,144349,199,0,0,0,2126559582,4080179,207.0,
386586,273824,1376,135759,83,144381,200,0,0,0,2126559582,4110696,208.0,
386608,275200,1376,135781,84,144401,201,0,0,0,2126559582,4143443,209.0,
386627,275200,1376,134858,85,144423,202,0,0,0,2126559582,4174670,210.0,
386652,275200,1376,133941,86,144442,203,0,0,0,2126559582,4188194,210.0,
386673,275200,1376,133962,76,136020,204,0,0,0,2126559582,4203601,210.0,
386710,275200,1376,133150,77,136041,205,1,1,0,2126559582,1722985,140.0,
386732,275200,1376,133172,78,136078,206,1,1,0,2126559582,1729123,140.0,
386766,275200,1376,132358,79,136100,207,1,1,0,2126559582,1734495,139.0,
386785,275200,1376,132377,80,136134,208,1,1,0,2126559582,1740526,138.0,
386805,275200,1376,131548,81,136153,209,1,1,0,2126559582,1745809,137.0,
386824,275200,1376,131567,82,136173,210,1,1,0,2126559582,1751803,136.0,
386843,275200,1376,130738,83,136192,211,1,1,0,2126559582,1757049,135.0,
386863,275200,1376,130758,84,136211,212,1,1,0,2126559582,1763030,134.0,
386882,275200,1376,129928,85,136231,213,1,1,0,2126559582,1768264,133.0,
386900,275200,1376,129946,86,136250,214,1,1,0,2126559582,1774251,132.0,
386935,275200,1376,129133,87,136268,215,1,1,0,2126559582,1779493,131.0,
386956,275200,1376,129154,88,136303,216,1,1,0,2126559582,1785475,130.0,
386975,275200,1376,128324,89,136324,217,1,1,0,2126559582,1790707,129.0,
386994,275200,1376,128343,90,136343,218,1,1,0,2126559582,1796728,128.0,
387013,275200,1376,127514,91,136362,219,1,1,0,2126559582,1801997,127.0,
387032,275200,1376,127533,88,129425,220,1,1,0,2126559582,1808067,126.0,
395506,275200,1376,135202,89,129444,221,1,1,0,2126560958,1813378,125.0,
398937,275200,1376,138633,86,136921,222,1,1,0,2126562334,1817350,125.0,
398967,275200,1376,137927,87,140352,223,1,1,0,2126563710,1816436,125.0,
398975,275200,1376,137935,88,140382,224,1,1,0,2126565086,1818413,125.0,
398981,275200,1376,137205,89,140390,225,1,1,0,2126565086,1821659,125.0,
399166,275200,1376,137390,90,140396,226,1,1,0,2126566462,1814915,124.0,
399178,275200,1376,136667,91,140581,227,1,1,0,2126566462,1821048,124.0,
401380,275200,1376,138869,92,140593,228,1,1,0,2126567838,1816866,123.0,
401410,275200,1376,138163,93,142795,229,1,1,0,2126569214,1821754,123.0,
409021,275200,1376,145774,94,142825,230,1,1,0,2126570590,1828711,123.0,
447212,275200,1376,183229,95,150436,231,1,1,0,2126571966,1823509,123.0,
448266,275200,1376,184283,96,188627,232,1,1,0,2126573342,1760739,123.0,
449496,275200,1376,184777,97,189681,233,1,1,0,2126574718,1709741,123.0,
449571,275200,1376,184852,98,190911,234,1,1,0,2126576094,1668664,123.0,
452094,275200,1376,186639,99,190986,235,1,1,0,2126577470,1635935,123.0,
452171,275200,1376,186716,100,193509,236,1,1,0,2126578846,1607705,123.0,
454283,275200,1376,188092,101,193586,237,1,1,0,2126580222,1585242,123.0,
454383,275200,1376,188192,102,195698,238,1,1,0,2126581598,1565941,123.0,
455474,275200,1376,188547,103,195798,239,1,1,0,2126582974,1550732,123.0,
456125,275200,1376,189198,104,196889,240,1,1,0,2126584350,1538622,123.0,
456209,275200,1376,188546,105,197540,241,1,1,0,2126585726,1528771,123.0,
456239,275200,1376,188208,106,197624,242,1,1,0,2126587102,1522233,123.0,
456945,275200,1376,188914,107,197654,243,1,1,0,2126588478,1518148,123.0,
456996,275200,1376,188229,108,198360,244,1,1,0,2126588478,1515040,123.0,
457019,275200,1376,188252,109,198411,245,1,1,0,2126588478,1505051,122.0,
458225,275200,1376,188722,110,198434,246,1,1,0,2126589854,1496394,121.0,
458287,275200,1376,188784,111,199640,247,1,1,0,2126589854,1497496,121.0,
458315,275200,1376,188076,112,199702,248,1,1,0,2126589854,1490483,120.0,
458338,275200,1376,188099,113,199730,249,1,1,0,2126589854,1485115,119.0,
458853,275200,1376,187878,114,199753,250,1,1,0,2126591230,1480428,118.0,
458898,275200,1376,187923,115,200268,251,1,1,0,2126591230,1485520,118.0,
458923,275200,1376,187212,116,200313,252,1,1,0,2126591230,1482096,117.0,
459161,275200,1376,187450,117,200338,253,1,1,0,2126591230,1479824,116.0,
459205,275200,1376,186758,118,200576,254,1,1,0,2126591230,1477604,115.0,
462479,275200,1376,190032,119,200620,255,1,1,0,2126592606,1476355,114.0,
462568,275200,1376,189385,120,203894,256,1,1,0,2126593982,1480888,114.0,
462600,275200,1376,189417,121,203983,257,1,1,0,2126595358,1486584,114.0,
462630,275200,1376,188711,122,204015,258,1,1,0,2126595358,1492619,114.0,
462650,275200,1376,188731,123,204045,259,1,1,0,2126595358,1490868,113.0,
464152,275200,1376,189497,124,204065,260,1,1,0,2126596734,1489320,112.0,
464232,275200,1376,189577,125,205567,261,1,1,0,2126598110,1496008,112.0,
464262,275200,1376,188871,126,205647,262,1,1,0,2126599486,1502864,112.0,
464284,275200,1376,188893,127,205677,263,1,1,0,2126599486,1510655,112.0,
464305,275200,1376,188178,128,205699,264,1,1,0,2126599486,1509760,111.0,
464324,275200,1376,188197,129,205720,265,1,1,0,2126599486,1509695,110.0,
466499,275200,1376,189636,130,205739,266,1,1,0,2126600862,1509619,109.0,
466573,275200,1376,189710,114,191340,267,1,1,0,2126602238,1516879,109.0,
466598,275200,1376,189125,115,191414,268,1,1,0,2126602238,1524240,109.0,
467755,275200,1376,190282,116,191439,269,1,1,0,2126603614,1523601,108.0,
467828,275200,1376,190355,117,192596,270,1,1,0,2126604990,1530622,108.0,
467857,275200,1376,189469,118,192669,271,1,1,0,2126604990,1537770,108.0,
467878,275200,1376,189490,119,192698,272,1,1,0,2126604990,1537275,107.0,
469734,275200,1376,191346,120,192719,273,1,1,0,2126606366,1536821,106.0,
469812,275200,1376,190508,121,194575,274,1,1,0,2126607742,1543260,106.0,
469837,275200,1376,190533,122,194653,275,1,1,0,2126607742,1550823,106.0,
469858,275200,1376,190554,123,194678,276,1,1,0,2126607742,1549788,105.0,
469883,275200,1376,189664,124,194699,277,1,1,0,2126607742,1548863,104.0,
469902,275200,1376,189683,125,194724,278,1,1,0,2126607742,1548960,103.0,
469921,275200,1376,189702,126,194743,279,1,1,0,2126607742,1549027,102.0,
470847,275200,1376,189712,127,194762,280,1,1,0,2126609118,1549066,101.0,
470891,275200,1376,189756,128,195688,281,1,1,0,2126609118,1557793,101.0,
470913,275200,1376,189778,129,195732,282,1,1,0,2126609118,1557769,100.0,
470934,275200,1376,188884,130,195754,283,1,1,0,2126609118,1557725,99.0,
470954,275200,1376,188904,131,195775,284,1,1,0,2126609118,1558605,98.0,
470973,275200,1376,188923,132,195795,285,1,1,0,2126609118,1559355,97.0,
470993,275200,1376,188027,133,195814,286,1,1,0,2126609118,1559992,96.0,
473451,275200,1376,190485,134,195834,287,1,1,0,2126610494,1561474,95.0,
473529,275200,1376,190563,135,198292,288,1,1,0,2126611870,1568954,95.0,
473558,275200,1376,189677,136,198370,289,1,1,0,2126613246,1576497,95.0,
473586,275200,1376,189705,137,198399,290,1,1,0,2126613246,1585101,95.0,
473606,275200,1376,189725,138,198427,291,1,1,0,2126613246,1584980,94.0,
476101,275200,1376,191305,139,198447,292,1,1,0,2126614622,1584852,93.0,
477448,275200,1376,192652,140,200942,293,1,1,0,2126615998,1591791,93.0,
477535,275200,1376,192739,141,202289,294,1,1,0,2126617374,1597520,93.0,
477569,275200,1376,191857,142,202376,295,1,1,0,2126618750,1603507,93.0,
477597,275200,1376,191885,143,202410,296,1,1,0,2126618750,1610743,93.0,
477616,275200,1376,191904,144,202438,297,1,1,0,2126618750,1609462,92.0,
477637,275200,1376,191010,145,202457,298,1,1,0,2126618750,1608323,91.0,
479204,275200,1376,192577,146,202478,299,1,1,0,2126620126,1608268,90.0,
479284,275200,1376,192657,147,204045,300,1,1,0,2126621502,1615210,90.0,
479311,275200,1376,191768,148,204125,301,1,1,0,2126621502,1622266,90.0,
479331,275200,1376,191788,149,204152,302,1,1,0,2126621502,1621827,89.0,
479351,275200,1376,191808,150,204172,303,1,1,0,2126621502,1621420,88.0,
480396,275200,1376,191938,151,204192,304,1,1,0,2126622878,1621043,87.0,
480457,275200,1376,191999,152,205237,305,1,1,0,2126624254,1629197,87.0,
480483,275200,1376,192025,153,205298,306,1,1,0,2126624254,1637339,87.0,
480507,275200,1376,191134,154,205324,307,1,1,0,2126624254,1636894,86.0,
480797,275200,1376,191424,155,205348,308,1,1,0,2126624254,1637456,85.0,
480817,275200,1376,191444,156,205638,309,1,1,0,2126624254,1637637,84.0,
480839,275200,1376,190550,157,205658,310,1,1,0,2126624254,1637775,83.0,
480858,275200,1376,190569,158,205680,311,1,1,0,2126624254,1638852,82.0,
480877,275200,1376,190588,159,205699,312,1,1,0,2126624254,1639775,81.0,
480897,275200,1376,138680,160,205718,313,1,1,0,2126624254,1640563,80.0,
480915,275200,1376,138698,160,156657,314,1,1,0,2126624254,1698921,79.0,
480935,275200,1376,138392,161,156657,315,1,1,0,2126624254,1753479,78.0,
481199,275200,1376,138656,161,156983,316,1,1,0,2126625630,1804571,77.0,
481245,275200,1376,132142,162,156983,317,1,1,0,2126625630,1861167,77.0,
481269,275200,1376,132166,162,132190,318,1,1,0,2126625630,1913840,76.0,
481290,275200,1376,131839,163,132214,319,1,1,0,2126625630,1962401,75.0,
481310,275200,1376,131859,163,132145,320,1,1,0,2126625630,2007480,74.0,
481595,275200,1376,131442,164,132165,321,1,1,0,2126625630,2048626,73.0,
481615,275200,1376,131462,155,132224,322,1,1,0,2126625630,3477928,72.0,
481640,275200,1376,130807,156,132244,323,1,1,0,2126625630,3535449,71.0,
481659,275200,1376,130826,157,132269,324,1,1,0,2126625630,3589368,70.0,
481679,275200,1376,130166,158,132288,325,1,1,0,2126625630,3637856,69.0,
488988,275200,1376,137475,159,132308,326,1,1,0,2126627006,3683498,68.0,
495328,275200,1376,143135,160,139617,327,1,1,0,2126628382,3719805,68.0,
497198,275200,1376,145005,161,145957,328,1,1,0,2126629758,3735599,68.0,
497288,275200,1376,144415,162,147827,329,1,1,0,2126631134,3745659,68.0,
497320,275200,1376,144447,163,147917,330,1,1,0,2126632510,3758769,68.0,
497348,275200,1376,143795,164,147949,331,1,1,0,2126632510,3772506,68.0,
497368,275200,1376,143815,165,147977,332,1,1,0,2126632510,3769816,67.0,
497388,275200,1376,143155,166,147997,333,1,1,0,2126632510,3767401,66.0,
497407,275200,1376,143174,167,148017,334,1,1,0,2126632510,3767460,65.0,
498443,275200,1376,143530,168,148036,335,1,1,0,2126633886,3767450,64.0,
498508,275200,1376,143255,169,149072,336,1,1,0,2126635262,3785485,64.0,
498538,275200,1376,143285,170,149137,337,1,1,0,2126636638,3804571,64.0,
499141,275200,1376,143208,171,149167,338,1,1,0,2126638014,3823573,64.0,
499206,275200,1376,143273,172,149770,339,1,1,0,2126639390,3842857,64.0,
500495,275200,1376,114639,173,149835,340,1,1,0,2126640766,3861913,64.0,
500564,275200,1376,114708,173,152208,341,1,1,0,2126642142,3980452,64.0,
506893,275200,1376,120687,174,152208,342,1,1,0,2126643518,4091526,64.0,
507027,275200,1376,120821,174,152558,343,1,1,0,2126644894,4172230,64.0,
507067,471968,1376,120000,175,152558,344,0,1,0,2126646270,4246877,64.0,
1028195,1692480,1376,40901,150,83050,1233,1,1,0,2127968606,3910437,136.0,
1028271,1692480,1376,40977,151,83050,1234,1,2,0,2127968606,4059077,136.0,
1028298,1692480,1376,40588,152,83050,1235,1,2,0,2127968606,4197988,136.0,
1036600,1692480,1376,48890,153,83466,1236,1,2,0,2127971358,4331607,135.0,
1036688,1692480,1376,48978,154,83466,1237,1,2,0,2127972734,4430195,135.0,
1036725,1692480,1376,48182,155,83466,1238,1,2,0,2127974110,4492733,135.0,
1036746,1692480,1376,48203,122,75141,1239,1,2,0,2127974110,4561069,134.0,
1036769,1692480,1376,47553,123,75141,1240,1,2,0,2127974110,4593023,134.0,
1036789,1692480,1376,47236,116,65468,1241,1,2,0,2127974110,4628819,134.0,
1036953,1692480,1376,47400,117,65805,1242,1,2,0,2127976862,4664301,133.0,
1037016,1692480,1376,46789,118,65805,1243,1,2,0,2127976862,4760444,133.0,
1037037,1692480,1376,46810,119,66479,1244,1,2,0,2127976862,4794408,133.0,
1037057,1692480,1376,46156,120,66479,1245,1,2,0,2127976862,4824272,133.0,
1037076,1692480,1376,46175,121,67153,1246,1,2,0,2127976862,4858869,132.0,
1043000,1692480,1376,51425,122,67153,1247,1,2,0,2127982366,4889316,132.0,
1049848,1692480,1376,58273,123,67827,1248,1,2,0,2127983742,4985663,132.0,
1049913,1692480,1376,57664,124,67827,1249,1,2,0,2127983742,4898966,131.0,
1049961,1692480,1376,57712,125,68501,1250,1,2,0,2127985118,4805273,131.0,
1049991,1692480,1376,57068,126,68501,1251,1,2,0,2127986494,4757569,131.0,
1050011,1692480,1376,57088,127,69175,1252,1,2,0,2127986494,4728296,130.0,
1050061,1692480,1376,56465,128,69175,1253,1,2,0,2127986494,4675788,130.0,
1050095,1692480,1376,56499,129,69848,1254,1,2,0,2127987870,4637540,130.0,
1050116,1692480,1376,55846,130,69848,1255,1,2,0,2127987870,4634915,130.0,
1050134,1692480,1376,55864,131,70522,1256,1,2,0,2127987870,4612919,129.0,
1050154,1692480,1376,55210,132,70522,1257,1,2,0,2127987870,4593648,129.0,
1050437,1692480,1376,55493,133,71196,1258,1,2,0,2127993374,4583799,129.0,
1050465,1692480,1376,54847,134,71196,1259,1,2,0,2127993374,4693371,128.0,
1050486,1692480,1376,54868,135,71870,1260,1,2,0,2127993374,4689974,128.0,
1050506,1692480,1376,54214,136,71870,1261,1,2,0,2127993374,4686775,128.0,
1050525,1692480,1376,54233,137,72544,1262,1,2,0,2127993374,4691005,127.0,
1050544,1692480,1376,53578,138,72544,1263,1,2,0,2127993374,4694501,127.0,
1050564,1692480,1376,53598,139,73218,1264,1,2,0,2127993374,4704641,127.0,
1050583,1692480,1376,52943,140,73218,1265,1,2,0,2127993374,4713326,127.0,
1050612,1692480,1376,52972,141,73892,1266,1,2,0,2127993374,4728096,126.0,
1050634,1692480,1376,52320,142,73892,1267,1,2,0,2127993374,4740773,126.0,
1052665,1692480,1376,54351,143,74566,1268,1,2,0,2128003006,4759131,126.0,
1052710,1692480,1376,53723,144,74566,1269,1,2,0,2128003006,4967432,125.0,
1052736,1692480,1376,53749,145,75239,1270,1,2,0,2128003006,4968886,125.0,
1052757,1692480,1376,53096,146,75239,1271,1,2,0,2128003006,4969855,125.0,
1052777,1692480,1376,53116,147,75913,1272,1,2,0,2128003006,4978260,124.0,
1052796,1692480,1376,52461,148,75913,1273,1,2,0,2128003006,4985405,124.0,
1052815,1692480,1376,52480,69,53501,1274,1,2,0,2128003006,4999311,124.0,
1052834,1692480,1376,51878,70,53520,1275,1,2,0,2128003006,5011323,124.0,
1055123,1692480,1376,53856,71,54092,1276,1,2,0,2128009886,5028988,123.0,
1055199,1692480,1376,53932,72,55828,1277,1,2,0,2128011262,5176102,123.0,
1055225,1692480,1376,53958,73,55904,1278,1,2,0,2128011262,5199058,123.0,
1055249,1692480,1376,53050,74,55930,1279,1,2,0,2128011262,5191736,122.0,
1055274,1692480,1376,53075,75,55954,1280,1,2,0,2128011262,5196367,122.0,
1055293,1692480,1376,53094,76,55979,1281,1,2,0,2128011262,5200118,122.0,
1056724,1692480,1376,53593,77,55998,1282,1,2,0,2128015390,5203178,121.0,
1056810,1692480,1376,53679,78,57429,1283,1,2,0,2128016766,5292617,121.0,
1056932,1692480,1376,53801,79,57515,1284,1,2,0,2128018142,5319443,121.0,
1056969,1692480,1376,52906,80,57637,1285,1,2,0,2128019518,5345226,121.0,
1056990,1692480,1376,52927,81,57674,1286,1,2,0,2128019518,5382859,120.0,
1057010,1692480,1376,52947,82,57695,1287,1,2,0,2128019518,5388500,120.0,
1060023,1692480,1376,55028,83,57715,1288,1,2,0,2128022270,5393191,120.0,
1060084,1692480,1376,55089,84,60728,1289,1,2,0,2128022270,5432797,119.0,
1060134,1692480,1376,55139,85,60789,1290,1,2,0,2128023646,5412598,119.0,
1060173,1692480,1376,54246,86,60839,1291,1,2,0,2128025022,5425063,119.0,
1060193,1692480,1376,54266,87,60878,1292,1,2,0,2128025022,5450983,118.0,
1060216,1692480,1376,54289,88,60898,1293,1,2,0,2128026398,5446601,118.0,
1061671,1692480,1376,54812,89,60921,1294,1,2,0,2128027774,5473054,118.0,
1062378,1692480,1376,55519,90,62376,1295,1,2,0,2128029150,5493343,118.0,
1062426,1692480,1376,55567,91,63083,1296,1,2,0,2128029150,5505863,117.0,
1062471,1692480,1376,54680,92,63131,1297,1,2,0,2128030526,5489606,117.0,
1062506,1692480,1376,54715,93,63176,1298,1,2,0,2128031902,5516920,117.0,
1062525,1692480,1376,54734,94,63211,1299,1,2,0,2128031902,5544142,116.0,
1062550,1692480,1376,53827,95,63230,1300,1,2,0,2128033278,5541193,116.0,
1062571,1692480,1376,53848,96,63255,1301,1,2,0,2128033278,5580478,116.0,
1062593,1692480,1376,53870,97,63276,1302,1,2,0,2128033278,5588112,114.0,
1064059,1692480,1376,54404,98,63298,1303,1,2,0,2128034654,5594531,114.0,
1065712,1692480,1376,56057,99,64764,1304,1,2,0,2128036030,5623667,114.0,
1065799,1692480,1376,56144,100,66417,1305,1,2,0,2128037406,5631542,114.0,
1065834,1692480,1376,55247,101,66504,1306,1,2,0,2128038782,5641028,114.0,
1072110,1692480,1376,61523,102,66539,1307,1,2,0,2128040158,5664597,114.0,
1073479,1692480,1376,62892,103,72815,1308,1,2,0,2128041534,5608730,114.0,
1073568,1692480,1376,62049,104,74184,1309,1,2,0,2128042910,5548031,114.0,
1073600,1692480,1376,62081,102,63687,1310,1,2,0,2128044286,5510214,114.0,
1073631,1692480,1376,62112,103,63697,1311,1,2,0,2128045662,5481055,114.0,
1073653,1692480,1376,61199,104,63728,1312,1,2,0,2128045662,5459213,114.0,
1073676,1692480,1376,61222,97,63701,1313,1,2,0,2128045662,5426399,113.0,
1073696,1692480,1376,61242,98,63724,1314,1,2,0,2128045662,5397746,112.0,
1073716,1692480,1376,60329,99,63744,1315,1,2,0,2128045662,5372686,111.0,
1073746,1692480,1376,60359,100,63764,1316,1,2,0,2128045662,5361230,110.0,
1074282,1692480,1376,60895,101,63794,1317,1,2,0,2128047038,5350900,109.0,
1080575,1692480,1376,66255,102,64330,1318,1,2,0,2128048414,5363552,109.0,
1082163,1692480,1376,67843,103,70623,1319,1,2,0,2128049790,5318500,109.0,
1082250,1692480,1376,67930,104,72211,1320,1,2,0,2128051166,5266364,109.0,
1086635,1692480,1376,71381,105,72298,1321,1,2,0,2128052542,5224403,109.0,
1086726,1692480,1376,71472,106,76683,1322,1,2,0,2128053918,5156520,109.0,
1086762,1692480,1376,70886,107,76774,1323,1,2,0,2128055294,5101399,109.0,
1096294,1692480,1376,80418,108,76810,1324,1,2,0,2128056670,5063409,109.0,
1096384,1692480,1376,80508,109,86342,1325,1,2,0,2128058046,4944697,109.0,
1096419,1692480,1376,79609,110,86432,1326,1,2,0,2128059422,4848414,109.0,
1096446,1692480,1376,79636,111,86467,1327,1,2,0,2128059422,4778513,109.0,
1096467,1692480,1376,79657,112,86494,1328,1,2,0,2128059422,4699047,108.0,
1096487,1692480,1376,78744,113,86515,1329,1,2,0,2128059422,4631481,107.0,
1096511,1692480,1376,78768,114,86535,1330,1,2,0,2128059422,4581064,106.0,
1096530,1692480,1376,78787,115,86559,1331,1,2,0,2128059422,4537660,105.0,
1096565,1692480,1376,77889,116,86578,1332,1,2,0,2128059422,4500209,104.0,
1096584,1692480,1376,77908,117,86613,1333,1,2,0,2128059422,4474639,103.0,
1096603,1692480,1376,77927,118,86632,1334,1,2,0,2128059422,4452358,102.0,
1096624,1692480,1376,77014,119,86651,1335,1,2,0,2128059422,4432905,101.0,
1096644,1692480,1376,77034,117,79257,1336,1,2,0,2128059422,4422669,100.0,
1096668,1692480,1376,77058,118,79277,1337,1,2,0,2128059422,4413607,99.0,
1096688,1692480,1376,76134,119,79301,1338,1,2,0,2128059422,4405536,98.0,
1096707,1692480,1376,76153,116,77985,1339,1,2,0,2128059422,4405174,97.0,
1097888,1692480,1376,77334,117,78004,1340,1,2,0,2128060798,4404718,96.0,
1097952,1692480,1376,76465,118,79185,1341,1,2,0,2128062174,4417448,96.0,
1097982,1692480,1376,76495,119,79249,1342,1,2,0,2128063550,4437560,96.0,
1098002,1692480,1376,76515,120,79279,1343,1,2,0,2128063550,4457629,96.0,
1098023,1692480,1376,75603,121,79299,1344,1,2,0,2128063550,4456103,95.0,
1098042,1692480,1376,75622,122,79320,1345,1,2,0,2128063550,4461429,94.0,
1100519,1692480,1376,78099,123,79339,1346,1,2,0,2128064926,4465961,93.0,
1106679,1692480,1376,83326,124,81816,1347,1,2,0,2128066302,4473435,93.0,
1109923,1692480,1376,86570,116,85359,1348,1,2,0,2128067678,4444726,93.0,
1110012,1692480,1376,86659,117,88603,1349,1,2,0,2128069054,4399908,93.0,
1110046,1692480,1376,85767,118,88692,1350,1,2,0,2128070430,4363753,93.0,
1110072,1692480,1376,85793,119,88726,1351,1,2,0,2128070430,4341466,93.0,
1110092,1692480,1376,85813,120,88752,1352,1,2,0,2128070430,4304303,92.0,
1111408,1692480,1376,86203,121,88772,1353,1,2,0,2128071806,4272173,91.0,
1114742,1692480,1376,89537,122,90088,1354,1,2,0,2128073182,4262030,91.0,
1114829,1692480,1376,89624,123,93422,1355,1,2,0,2128074558,4234419,91.0,
1114863,1692480,1376,88731,124,93509,1356,1,2,0,2128075934,4212671,91.0,
1120408,1692480,1376,94276,125,93543,1357,1,2,0,2128077310,4201974,91.0,
1120497,1692480,1376,94365,126,99088,1358,1,2,0,2128078686,4161244,91.0,
1120531,1692480,1376,93473,127,99177,1359,1,2,0,2128080062,4128392,91.0,
1121527,1692480,1376,94469,128,99211,1360,1,2,0,2128081438,4107884,91.0,
1122176,1692480,1376,95118,129,100207,1361,1,2,0,2128082814,4086840,91.0,
1122266,1692480,1376,94282,130,100856,1362,1,2,0,2128084190,4067370,91.0,
1125109,1692480,1376,97125,131,100946,1363,1,2,0,2128085566,4057628,91.0,
1125197,1692480,1376,97213,132,103789,1364,1,2,0,2128086942,4035647,91.0,
1125231,1692480,1376,96320,133,103877,1365,1,2,0,2128088318,4018537,91.0,
1125259,1692480,1376,96348,134,103911,1366,1,2,0,2128088318,4010890,91.0,
1125278,1692480,1376,96367,135,103939,1367,1,2,0,2128088318,3988550,90.0,
1125301,1880992,1376,96000,136,103958,1368,0,2,0,2128088318,3969102,89.0,
2129778,4298624,1376,57398,128,78311,3125,0,2,0,2130560990,3595488,129.0,
2129869,4305504,1376,55399,121,90626,3130,0,2,0,2130563742,3609531,129.0,
2132447,4306880,1376,57977,54,63111,3131,0,2,0,2130569246,3624341,129.0,
2132537,4312384,1376,56415,55,63979,3135,0,2,0,2130571998,3630464,129.0,
2132570,4323392,1376,53312,37,58916,3143,0,2,0,2130574750,3641885,129.0,
2132595,4326144,1376,52553,45,58949,3145,0,2,0,2130574750,3663991,129.0,
2136002,4339904,1376,52040,47,58974,3155,0,2,0,2130588510,3708494,129.0,
2140650,4346784,1376,54727,57,62381,3160,0,2,0,2130605022,3726832,129.0,
2140712,4353664,1376,52456,62,67029,3165,0,2,0,2130607774,3737057,129.0,
2140731,4357792,1376,51709,46,57747,3168,0,2,0,2130607774,3761748,129.0,
2140748,4371552,1376,47897,49,58512,3178,0,2,0,2130607774,3796513,129.0,
2140769,4374304,1376,47152,59,60044,3180,0,2,0,2130607774,3840536,129.0,
2140783,4379808,1376,45635,61,63873,3184,0,2,0,2130607774,3913838,129.0,
2140799,4385312,1376,44119,65,64639,3188,0,2,0,2130607774,3987313,129.0,
2140814,4392192,1376,41837,69,66170,3193,0,2,0,2130607774,4068568,129.0,
2140842,4393568,1376,41865,74,67702,3194,0,2,0,2130607774,4157763,129.0,
2146209,4400448,1376,44935,75,69233,3199,0,2,0,2130631166,4254990,129.0,
2146842,4414208,1376,42122,80,69999,3209,0,2,0,2130635294,4293521,129.0,
2146879,4419712,1376,40627,90,71530,3213,0,2,0,2130635294,4337697,129.0,
2146950,4426592,1376,38401,94,75742,3218,0,2,0,2130635294,4424556,129.0,
2146971,4427968,1376,38422,99,77274,3219,0,2,0,2130635294,4520919,129.0,
2146986,4436224,1376,36140,100,78805,3225,0,2,0,2130635294,4627646,129.0,
2147004,4438976,1376,35392,106,79571,3227,0,2,0,2130635294,4735110,129.0,
2161503,4445856,1376,47594,108,81868,3232,0,2,0,2130704094,4864775,129.0,
2161543,4447232,1376,47634,113,82634,3233,0,2,0,2130704094,4791726,129.0,
2161560,4449984,1376,46885,114,84165,3235,0,2,0,2130704094,4749231,129.0,
2181753,4456864,1376,64781,116,84931,3240,0,2,0,2130712350,4722447,129.0,
2181855,4470624,1376,61056,121,96317,3250,0,2,0,2130720606,4460296,129.0,
2191226,4473376,1376,70046,129,62087,3252,0,2,0,2130732990,4268911,129.0,
2191324,4476128,1376,61496,129,71405,3254,0,2,0,2130738494,4063775,129.0,
2201637,4478880,1376,71428,129,61546,3256,0,2,0,2130741246,3977634,129.0,
2201723,4485760,1376,68850,126,71768,3261,0,2,0,2130743998,3847890,130.0,
2201757,4495392,1376,66644,126,69186,3268,0,2,0,2130746750,3723006,130.0,
2201783,4535296,1376,56690,123,69162,3297,0,2,0,2130746750,3634533,130.0,
2201812,4560064,1376,51150,103,60941,3315,0,2,0,2130746750,3582458,130.0,
2202084,4568320,1376,49725,88,54808,3321,0,2,0,2130749502,3613889,130.0,
2202107,4572448,1376,48899,94,55080,3324,0,2,0,2130749502,3682268,130.0,
2205878,4575200,1376,51822,97,55103,3326,0,2,0,2130763262,3757974,130.0,
2205927,4584832,1376,50174,99,58874,3333,0,2,0,2130766014,3802055,130.0,
2205992,4591712,1376,48542,106,58923,3338,0,2,0,2130766014,3841056,130.0,
2206177,4613728,1376,43918,111,58988,3354,0,2,0,2130766014,3897671,130.0,
2206197,4624736,1376,42215,127,59173,3362,0,2,0,2130766014,3954623,130.0,
2241329,4627488,1376,59522,127,48432,3364,0,2,0,2130889854,4051097,130.0,
2241417,4632992,1376,59148,124,66366,3368,0,2,0,2130892606,3989591,130.0,
2251942,4638496,1376,67780,128,66366,3372,0,2,0,2130898110,3936493,130.0,
2252039,4645376,1376,66910,122,70087,3377,0,2,0,2130903614,3812243,130.0,
2252064,4648128,1376,60789,127,70184,3379,0,2,0,2130903614,3716777,130.0,
2252084,4653632,1376,59793,127,70095,3383,0,2,0,2130903614,3692514,130.0,
2252193,4657760,1376,50153,129,62463,3386,0,2,0,2130906366,3674043,130.0,
2252214,4664640,1376,48673,125,69167,3391,0,2,0,2130906366,3737332,130.0,
2252235,4670144,1376,47229,67,50333,3395,0,2,0,2130906366,3797339,130.0,
2261268,4674272,1376,54798,71,51065,3398,0,2,0,2130936638,3870657,130.0,
2261349,4683904,1376,52743,74,59161,3405,0,2,0,2130939390,3870020,130.0,
2261381,4688032,1376,51417,43,55152,3408,0,2,0,2130942142,3875146,130.0,
2261427,4696288,1376,49425,46,55184,3414,0,2,0,2130942142,3904193,130.0,
2261448,4701792,1376,48087,52,55230,3418,0,2,0,2130942142,3935663,130.0,
2261468,4711424,1376,46069,56,55251,3425,0,2,0,2130942142,3982162,130.0,
2267631,4722432,1376,49515,63,55271,3433,0,2,0,2130965534,4036423,130.0,
2268720,4732064,1376,48226,71,61434,3440,0,2,0,2130971038,4051909,130.0,
2268782,4741696,1376,45571,78,62523,3447,0,2,0,2130971038,4081290,130.0,
2268808,4747200,1376,44238,85,62585,3451,0,2,0,2130971038,4130233,130.0,
2268828,4749952,1376,43579,89,62611,3453,0,2,0,2130971038,4194537,130.0,
2268846,4754080,1376,42918,91,62631,3456,0,2,0,2130971038,4266624,130.0,
2268869,4756832,1376,42261,94,62649,3458,0,2,0,2130971038,4338994,130.0,
2275439,4765088,1376,46793,96,63501,3464,0,2,0,2131002686,4419506,130.0,
2275475,4778848,1376,43433,102,69242,3474,0,2,0,2131002686,4424266,130.0,
2275497,4787104,1376,41417,112,69278,3480,0,2,0,2131002686,4451412,130.0,
2275515,4796736,1376,39057,118,69615,3487,0,2,0,2131002686,4515164,130.0,
2282921,4802240,1376,45105,125,71653,3491,0,2,0,2131035710,4597189,130.0,
2300417,4807744,1376,58696,129,76724,3495,0,2,0,2131068734,4608391,130.0,
2300507,4810496,1376,58087,127,59914,3497,0,2,0,2131072862,4459260,130.0,
2312099,4817376,1376,59025,129,60613,3502,0,2,0,2131075614,4346946,130.0,
2312203,4828384,1376,56247,119,60783,3510,0,2,0,2131083870,4264574,131.0,
2312230,4829760,1376,56274,115,59968,3511,0,2,0,2131083870,4178002,131.0,
2312250,4840768,1376,53450,116,59995,3519,0,2,0,2131083870,4133077,131.0,
2323735,4849024,1376,62802,124,60015,3525,0,2,0,2131108638,4101261,131.0,
2323833,4855904,1376,60768,130,71500,3530,0,2,0,2131114142,3992602,131.0,
2323861,4869664,1376,57728,105,62365,3540,0,2,0,2131114142,3920135,131.0,
2323883,4880672,1376,55023,115,62393,3548,0,2,0,2131114142,3870871,131.0,
2323904,4887552,1376,53063,115,56252,3553,0,2,0,2131114142,3860612,131.0,
2339715,4894432,1376,67940,95,55035,3558,0,2,0,2131154046,3874997,131.0,
2339817,4898560,1376,67108,100,70846,3561,0,2,0,2131159550,3764949,131.0,
2339839,4904064,1376,65261,103,70948,3565,0,2,0,2131159550,3687481,131.0,
2339861,4920576,1376,61583,107,70970,3577,0,2,0,2131159550,3629193,131.0,
2339886,4927456,1376,60710,90,64346,3582,0,2,0,2131159550,3586462,131.0,
2339905,4931584,1376,59832,95,64371,3585,0,2,0,2131159550,3576855,131.0,
2339924,4937088,1376,58055,98,64390,3589,0,2,0,2131159550,3581608,131.0,
2339943,4960480,1376,53588,102,64409,3606,0,2,0,2131159550,3592314,131.0,
2339979,4968736,1376,51833,115,57022,3612,0,2,0,2131159550,3608337,131.0,
2340000,4972864,1376,50958,121,57058,3615,0,2,0,2131159550,3663468,131.0,
2340018,4975616,1376,50080,124,57079,3617,0,2,0,2131159550,3727273,131.0,
2340037,4981120,1376,49204,126,57097,3621,0,2,0,2131159550,3792235,131.0,
2341024,4983872,1376,40558,130,57116,3623,0,2,0,2131165054,3850801,131.0,
2360852,4985248,1376,60386,128,58745,3624,0,2,0,2131246238,3989417,131.0,
2361255,4988000,1376,60326,129,60435,3626,0,2,0,2131246238,3933501,131.0,
2372004,4993504,1376,59366,129,60748,3630,0,2,0,2131254494,3886371,131.0,
2372103,5004512,1376,57155,128,59905,3638,0,2,0,2131259998,3850115,131.0,
2372129,5007264,1376,56510,119,59853,3640,0,2,0,2131259998,3822196,131.0,
2372150,5018272,1376,53847,121,59879,3648,0,2,0,2131259998,3822889,131.0,
2377144,5021024,1376,58170,129,59900,3650,0,2,0,2131280638,3828996,131.0,
2382463,5029280,1376,57644,131,64894,3656,0,2,0,2131288894,3814824,131.0,
2382564,5034784,1376,56324,103,58559,3660,0,2,0,2131294398,3798278,131.0,
2386631,5037536,1376,59681,107,58660,3662,0,2,0,2131302654,3797561,131.0,
2386689,5043040,1376,58319,109,62727,3666,0,2,0,2131305406,3775011,131.0,
2386717,5058176,1376,54441,113,62785,3677,0,2,0,2131308158,3760817,131.0,
2391325,5066432,1376,56918,124,62813,3683,0,2,0,2131324670,3759837,131.0,
2391377,5071936,1376,51245,130,67421,3687,0,2,0,2131327422,3753256,131.0,
2391404,5077440,1376,49827,129,68925,3691,0,2,0,2131327422,3802910,131.0,
2391408,5089824,1376,46357,70,51367,3700,0,2,0,2131327422,3856628,131.0,
2391412,5099456,1376,44291,77,50384,3707,0,2,0,2131327422,3917490,131.0,
2397932,5102208,1376,50121,84,50388,3709,0,2,0,2131353566,3997619,131.0,
2421631,5107712,1376,72441,86,56908,3713,0,2,0,2131370078,4034791,131.0,
2421673,5122848,1376,68689,90,80607,3724,0,2,0,2131375582,3859139,131.0,
2430691,5160000,1376,68049,101,80649,3751,0,2,0,2131389342,3728245,131.0,
2430757,5164128,1376,67407,125,69436,3754,0,2,0,2131394846,3608978,132.0,
2430769,5166880,1376,66711,128,69502,3756,0,2,0,2131394846,3552204,132.0,
2430779,5173760,1376,57652,130,69514,3761,0,2,0,2131394846,3513885,132.0,
2430790,5182016,1376,55507,113,58629,3767,0,2,0,2131394846,3537431,132.0,
2441063,5184768,1376,65421,119,58640,3769,0,2,0,2131434750,3566014,132.0,
2441107,5193024,1376,63308,121,68913,3775,0,2,0,2131434750,3534928,132.0,
2442038,5219168,1376,55018,127,68957,3794,0,2,0,2131437502,3512936,132.0,
2445644,5220544,1376,58624,128,59360,3795,0,2,0,2131451262,3502514,132.0,
2445696,5231552,1376,55749,129,59360,3803,0,2,0,2131451262,3528062,132.0,
2445721,5239808,1376,53578,126,58979,3809,0,2,0,2131451262,3555645,132.0,
2450787,5265952,1376,52059,126,59156,3828,0,2,0,2131469150,3601598,132.0,
2450863,5272832,1376,50083,121,59375,3833,0,2,0,2131469150,3621090,132.0,
2451099,5282464,1376,48272,124,52931,3840,0,2,0,2131469150,3688060,132.0,
2489190,5285216,1376,67537,131,53167,3842,0,2,0,2131550334,3757838,132.0,
2489281,5293472,1376,65820,129,73153,3848,0,2,0,2131553086,3682165,132.0,
2498972,5298976,1376,74035,124,72842,3852,0,2,0,2131561342,3620398,132.0,
2499071,5301728,1376,73396,128,77299,3854,0,2,0,2131566846,3514083,132.0,
2499095,5308608,1376,67222,130,77398,3859,0,2,0,2131566846,3435350,132.0,
2499120,5319616,1376,64546,92,68305,3867,0,2,0,2131566846,3402363,132.0,
2499141,5327872,1376,62252,100,68330,3873,0,2,0,2131566846,3381336,132.0,
2499553,5338880,1376,59577,106,68351,3881,0,2,0,2131569598,3385695,132.0,
2499613,5348512,1376,56550,114,68763,3888,0,2,0,2131572350,3402104,132.0,
2513155,5354016,1376,68523,113,66702,3892,0,2,0,2131617758,3436975,132.0,
2513207,5360896,1376,67003,98,71117,3897,0,2,0,2131617758,3392328,132.0,
2513230,5363648,1376,66241,103,71169,3899,0,2,0,2131617758,3364022,132.0,
2513250,5370528,1376,63947,105,71192,3904,0,2,0,2131617758,3354638,132.0,
2513288,5373280,1376,63221,95,67529,3906,0,2,0,2131617758,3351395,132.0,
2513314,5374656,1376,63247,97,67567,3907,0,2,0,2131617758,3358172,132.0,
2513335,5382912,1376,60593,98,67593,3913,0,2,0,2131617758,3368916,132.0,
2513366,5389792,1376,59160,73,62236,3918,0,2,0,2131617758,3383245,132.0,
2513396,5392544,1376,58457,78,62267,3920,0,2,0,2131617758,3408362,132.0,
2514781,5403552,1376,56913,80,62297,3928,0,2,0,2131623262,3445342,132.0,
2524011,5406304,1376,65411,88,63682,3930,0,2,0,2131653534,3473835,132.0,
2524105,5411808,1376,64040,90,72912,3934,0,2,0,2131656286,3455461,132.0,
2524132,5422816,1376,61138,94,73006,3942,0,2,0,2131656286,3443886,132.0,
2524160,5462720,1376,50547,102,73033,3971,0,2,0,2131656286,3443566,132.0,
2529086,5468224,1376,39472,131,73061,3975,0,2,0,2131671422,3463134,132.0,
2540510,5473728,1376,49376,127,66892,3979,0,2,0,2131712702,3629585,132.0,
2540897,5477856,1376,41484,131,67652,3982,0,2,0,2131715454,3706066,132.0,
2558758,5479232,1376,59345,130,74823,3983,0,2,0,2131747102,3844453,132.0,
2558848,5481984,1376,58652,131,75214,3985,0,2,0,2131749854,3851068,133.0,
2571770,5490240,1376,69151,112,64850,3991,0,2,0,2131752606,3837383,133.0,
2571792,5501248,1376,65970,103,72157,3999,0,2,0,2131758110,3727218,133.0,
2572051,5508128,1376,64228,111,72179,4004,0,2,0,2131760862,3653948,133.0,
2572057,5528768,1376,57828,116,72438,4019,0,2,0,2131760862,3613909,133.0,
2578089,5539776,1376,60669,131,72444,4027,0,2,0,2131782878,3594198,133.0,
2578102,5543904,1376,59890,99,63308,4030,0,2,0,2131782878,3574025,133.0,
2578106,5549408,1376,58310,102,63321,4034,0,2,0,2131782878,3579589,133.0,
2578428,5554912,1376,57047,106,63333,4038,0,2,0,2131785630,3596060,133.0,
2578435,5560416,1376,55470,110,64917,4042,0,2,0,2131785630,3619985,133.0,
2578899,5565920,1376,54350,114,66502,4046,0,2,0,2131785630,3653127,133.0,
2578917,5568672,1376,53575,118,68086,4048,0,2,0,2131785630,3691297,133.0,
2586028,5575552,1376,58698,118,66742,4053,0,2,0,2131811774,3737773,133.0,
2586095,5578304,1376,57970,82,62411,4055,0,2,0,2131811774,3728761,133.0,
2586102,5586560,1376,55593,84,64398,4061,0,2,0,2131811774,3736104,133.0,
2586110,5597568,1376,52569,86,57016,4069,0,2,0,2131811774,3748835,133.0,
2586119,5627840,1376,44237,94,57024,4091,0,2,0,2131811774,3778969,133.0,
2586138,5633344,1376,42798,112,51508,4095,0,2,0,2131811774,3830831,133.0,
2586144,5637472,1376,41730,113,45241,4098,0,2,0,2131811774,3949786,133.0,
2586153,5640224,1376,41023,116,45247,4100,0,2,0,2131811774,4073529,133.0,
2588287,5642976,1376,42441,118,46108,4102,0,2,0,2131820030,4199006,133.0,
2588316,5645728,1376,41755,120,47390,4104,0,2,0,2131820030,4300336,133.0,
2593272,5648480,1376,45995,122,47539,4106,0,2,0,2131847550,4400652,133.0,
2593438,5653984,1376,44729,124,52375,4110,0,2,0,2131847550,4444155,133.0,
2620999,5656736,1376,71574,128,52541,4112,0,2,0,2131924606,4489238,133.0,
2621064,5664992,1376,61899,130,80102,4118,0,2,0,2131927358,4243581,133.0,
2630159,5667744,1376,58379,133,62216,4120,0,2,0,2131935614,4055766,133.0,
2640577,5678752,1376,66171,129,69962,4128,0,2,0,2131938366,4016526,133.0,
2640680,5684256,1376,64742,109,68520,4132,0,2,0,2131943870,3894097,133.0,
2640704,5692512,1376,62469,113,68623,4138,0,2,0,2131943870,3816998,133.0,
2640725,5695264,1376,61725,119,68647,4140,0,2,0,2131943870,3764112,133.0,
2640743,5702144,1376,59844,121,70376,4145,0,2,0,2131943870,3737033,133.0,
2640766,5707648,1376,58394,97,61826,4149,0,2,0,2131943870,3719533,133.0,
2640786,5714528,1376,56205,101,61849,4154,0,2,0,2131943870,3718840,133.0,
2647561,5726912,1376,60035,106,61869,4163,0,2,0,2131971390,3729695,133.0,
2647593,5777824,1376,48169,63,61408,4200,0,2,0,2131971390,3697520,133.0,
2647763,5797088,1376,44661,90,54155,4214,0,2,0,2131974142,3697372,133.0,
2647785,5805344,1376,42844,104,54325,4220,0,2,0,2131974142,3785458,133.0,
2647803,5808096,1376,41943,110,56028,4222,0,2,0,2131974142,3905368,133.0,
2647818,5813600,1376,41038,112,57867,4226,0,2,0,2131974142,4033484,133.0,
2655144,5828736,1376,44686,116,57867,4237,0,2,0,2132003038,4152538,133.0,
2655176,5836992,1376,43185,127,61706,4243,0,2,0,2132003038,4206637,133.0,
2661182,5839744,1376,40147,133,63078,4245,0,2,0,2132030558,4289836,133.0,
2670949,5842496,1376,49590,133,71610,4247,0,2,0,2132074590,4408746,133.0,
2670984,5848000,1376,48268,129,62194,4251,0,2,0,2132074590,4411204,133.0,
2690808,5850752,1376,60584,133,62872,4253,0,2,0,2132118622,4420494,133.0,
2690899,5857632,1376,49209,133,60649,4258,0,2,0,2132122750,4334792,134.0,
2697008,5861760,1376,54580,104,58582,4261,0,2,0,2132126878,4343024,134.0,
2697096,5864512,1376,53930,107,58582,4263,0,2,0,2132131006,4296931,134.0,
2699946,5871392,1376,54566,109,60058,4268,0,2,0,2132135134,4271650,134.0,
2700029,5892032,1376,49553,114,60796,4283,0,2,0,2132143390,4228334,134.0,
2700054,5909920,1376,45270,57,52211,4296,0,2,0,2132143390,4205020,134.0,
2700076,5915424,1376,43967,70,52236,4300,0,2,0,2132143390,4242339,134.0,
2700091,5920928,1376,42678,74,52258,4304,0,2,0,2132143390,4320255,134.0,
2707684,5930560,1376,48346,61,45701,4311,0,2,0,2132179166,4405139,134.0,
2708774,5938816,1376,47512,68,52508,4317,0,2,0,2132183294,4404657,134.0,
2708824,5941568,1376,46599,74,53598,4319,0,2,0,2132187422,4424021,134.0,
2708842,5947072,1376,45655,76,53648,4323,0,2,0,2132187422,4462095,134.0,
2713109,5969088,1376,44616,78,47660,4339,0,2,0,2132203934,4495742,134.0,
2725141,5973216,1376,55712,94,51927,4342,0,2,0,2132239710,4498359,134.0,
2730480,5974592,1376,61051,97,63959,4343,0,2,0,2132243838,4414653,134.0,
2731493,5982848,1376,60191,98,69298,4349,0,2,0,2132246590,4297484,134.0,
2731573,5993856,1376,57465,104,70311,4357,0,2,0,2132252094,4199184,134.0,
2731594,6013120,1376,52817,106,60589,4371,0,2,0,2132252094,4134025,134.0,
2731616,6020000,1376,51905,120,60610,4376,0,2,0,2132252094,4096094,134.0,
2731632,6022752,1376,50987,125,60632,4378,0,2,0,2132252094,4107291,134.0,
2736698,6029632,1376,54497,127,60648,4383,0,2,0,2132276862,4134952,134.0,
2737061,6037888,1376,45727,132,65714,4389,0,2,0,2132276862,4116480,134.0,
2737081,6047520,1376,39546,131,49644,4396,0,2,0,2132276862,4105881,134.0,
2737098,6053024,1376,36629,133,54369,4400,0,2,0,2132276862,4184908,134.0,
2757734,6059904,1376,55664,132,56077,4405,0,2,0,2132325022,4346810,134.0,
2757827,6073664,1376,52946,101,57643,4415,0,2,0,2132329150,4279923,134.0,
2757864,6081920,1376,51109,111,57736,4421,0,2,0,2132333278,4238316,134.0,
2766238,6083296,1376,59483,117,57773,4422,0,2,0,2132353918,4230426,134.0,
2766326,6097056,1376,55822,118,66147,4432,0,2,0,2132355294,4159047,134.0,
2766372,6102560,1376,54935,115,57552,4436,0,2,0,2132360798,4106605,134.0,
2766399,6105312,1376,54044,113,57530,4438,0,2,0,2132360798,4087742,134.0,
2766418,6116320,1376,52227,115,57557,4446,0,2,0,2132360798,4079874,134.0,
2766439,6121824,1376,50412,123,57576,4450,0,2,0,2132360798,4081464,134.0,
2766458,6130080,1376,48595,111,53330,4456,0,2,0,2132360798,4108768,134.0,
2766484,6142464,1376,45868,117,53349,4465,0,2,0,2132360798,4141638,134.0,
2774222,6145216,1376,53606,126,53740,4467,0,2,0,2132393822,4188700,134.0,
2774281,6152096,1376,51830,128,61113,4472,0,2,0,2132393822,4180954,134.0,
2774303,6158976,1376,43791,133,61172,4477,0,2,0,2132393822,4182663,134.0,
2786200,6164480,1376,54348,134,61083,4481,0,2,0,2132429598,4220269,134.0,
2786305,6178240,1376,51136,132,61159,4491,0,2,0,2132436478,4197770,134.0,
2786333,6190624,1376,47836,113,54673,4500,0,2,0,2132436478,4186957,134.0,
2786370,6196128,1376,47240,100,49235,4504,0,2,0,2132436478,4210331,134.0,
2786391,6198880,1376,46311,104,49272,4506,0,2,0,2132436478,4257707,134.0,
2791397,6200256,1376,51317,106,49293,4507,0,2,0,2132463998,4316431,134.0,
2791448,6208512,1376,49469,107,54299,4513,0,2,0,2132463998,4315831,134.0,
2791472,6214016,1376,47594,113,54350,4517,0,2,0,2132463998,4324773,134.0,
2791493,6219520,1376,46665,117,54374,4521,0,2,0,2132463998,4352614,134.0,
2791533,6229152,1376,44806,121,54395,4528,0,2,0,2132463998,4387342,134.0,
2791557,6233280,1376,43880,128,54435,4531,0,2,0,2132463998,4428238,134.0,
2792002,6237408,1376,43375,131,54459,4534,0,2,0,2132463998,4496690,134.0,
2792193,6241536,1376,34407,134,54904,4537,0,2,0,2132468126,4564289,134.0,
2804055,6248416,1376,44813,132,56341,4542,0,2,0,2132510782,4736105,134.0,
2804152,6253920,1376,43934,121,54361,4546,0,2,0,2132519038,4747920,134.0,
2804178,6258048,1376,42985,125,54361,4549,0,2,0,2132519038,4769553,134.0,
2819027,6264928,1376,55882,128,56312,4554,0,2,0,2132527294,4813719,134.0,
2819128,6278688,1376,50677,133,61163,4564,0,2,0,2132535550,4675211,134.0,
2829765,6286944,1376,59343,99,52644,4570,0,2,0,2132547934,4570701,134.0,
2829865,6292448,1376,58129,105,63281,4574,0,2,0,2132556190,4430565,134.0,
2829894,6295200,1376,57501,109,63381,4576,0,2,0,2132556190,4334579,134.0,
2829914,6302080,1376,55550,111,63410,4581,0,2,0,2132556190,4267119,134.0,
2829936,6306208,1376,54915,116,63430,4584,0,2,0,2132556190,4216177,134.0,
2829957,6308960,1376,54279,119,63452,4586,0,2,0,2132556190,4185343,134.0,
2829975,6317216,1376,52341,109,55654,4592,0,2,0,2132556190,4171396,134.0,
2829994,6328224,1376,49751,115,55672,4600,0,2,0,2132556190,4165477,134.0,
2830029,6333728,1376,48482,123,55691,4604,0,2,0,2132556190,4179335,134.0,
2830049,6339232,1376,47198,127,55726,4608,0,2,0,2132556190,4217242,134.0,
2830069,6341984,1376,46566,131,55746,4610,0,2,0,2132556190,4264127,134.0,
2841309,6344736,1376,55056,133,55766,4612,0,2,0,2132608478,4319506,134.0,
2842914,6355744,1376,54712,131,55109,4620,0,2,0,2132616734,4279478,134.0,
2842976,6358496,1376,53818,114,56523,4622,0,2,0,2132616734,4232094,134.0,
2844347,6369504,1376,52320,116,56585,4630,0,2,0,2132619486,4216599,134.0,
2844398,6381888,1376,49554,124,57956,4639,0,2,0,2132619486,4189494,134.0,
2844417,6392896,1376,47829,102,52205,4647,0,2,0,2132619486,4193881,134.0,
2844437,6401152,1376,46106,110,52224,4653,0,2,0,2132619486,4225770,134.0,
2844452,6403904,1376,45250,116,52244,4655,0,2,0,2132619486,4280761,134.0,
2844467,6405280,1376,45265,118,52259,4656,0,2,0,2132619486,4348454,134.0,
2845555,6410784,1376,44609,119,52274,4660,0,2,0,2132624990,4409298,134.0,
2845586,6439680,1376,39139,123,53362,4681,0,2,0,2132624990,4461521,134.0,
2880466,6442432,1376,61386,132,44397,4683,0,2,0,2132708926,4521270,134.0,
2880553,6446560,1376,61032,129,61439,4686,0,2,0,2132713054,4414634,135.0,
2889420,6457568,1376,67209,132,61526,4694,0,2,0,2132717182,4297813,135.0,
2889524,6460320,1376,67313,130,70292,4696,0,2,0,2132722686,4118808,135.0,
2889548,6464448,1376,59732,132,70396,4699,0,2,0,2132722686,3997014,135.0,
2889571,6469952,1376,58357,129,60708,4703,0,2,0,2132722686,3961823,135.0,
2889590,6494720,1376,52961,93,59502,4721,0,2,0,2132722686,3935384,135.0,
2889615,6500224,1376,52030,111,59521,4725,0,2,0,2132722686,3920391,135.0,
2889635,6505728,1376,50139,115,59546,4729,0,2,0,2132722686,3954058,135.0,
2889654,6512608,1376,49202,119,59566,4734,0,2,0,2132722686,4000906,135.0,
2899670,6524992,1376,56351,124,59585,4743,0,2,0,2132765342,4051416,135.0,
2899732,6530496,1376,54484,131,58361,4747,0,2,0,2132765342,4021785,135.0,
2899755,6537376,1376,53542,125,56756,4752,0,2,0,2132765342,4021577,135.0,
2899777,6542880,1376,52019,96,55288,4756,0,2,0,2132765342,4029956,135.0,
2911444,6544256,1376,63686,75,54191,4757,0,2,0,2132814878,4054558,135.0,
2913892,6551136,1376,64308,76,65858,4762,0,2,0,2132817630,3975841,135.0,
2913976,6564896,1376,61653,81,68306,4772,0,2,0,2132824510,3896313,135.0,
2921472,6567648,1376,68236,91,68390,4774,0,2,0,2132838270,3836125,135.0,
2921556,6585536,1376,64668,93,75886,4787,0,2,0,2132841022,3754331,135.0,
2921594,6621312,1376,56793,106,75970,4813,0,2,0,2132843774,3684929,135.0,
2932153,6628192,1376,51172,132,76008,4818,0,2,0,2132885054,3659965,135.0,
2932212,6637824,1376,41736,132,61901,4825,0,2,0,2132885054,3730908,135.0,
2932235,6640576,1376,41080,91,50980,4827,0,2,0,2132885054,3798586,135.0,
2942046,6647456,1376,48853,93,51659,4832,0,2,0,2132913950,3946558,135.0,
2942144,6648832,1376,48951,98,52392,4833,0,2,0,2132919454,4002100,135.0,
2951650,6658464,1376,55740,99,53697,4840,0,2,0,2132922206,4063630,135.0,
2961233,6659840,1376,65323,106,61996,4841,0,2,0,2132930462,4036752,135.0,
2961324,6668096,1376,63376,107,71579,4847,0,2,0,2132933214,3946497,135.0,
2961369,6672224,1376,62402,113,71670,4850,0,2,0,2132935966,3875727,135.0,
2961398,6677728,1376,61072,116,71715,4854,0,2,0,2132935966,3832185,135.0,
2961418,6685984,1376,59056,120,71744,4860,0,2,0,2132935966,3802896,135.0,
2961443,6688736,1376,58402,104,61641,4862,0,2,0,2132935966,3788378,135.0,
2961462,6694240,1376,57063,106,61666,4866,0,2,0,2132935966,3791915,135.0,
2961482,6712128,1376,52332,110,61685,4879,0,2,0,2132935966,3800351,135.0,
2965889,6713504,1376,56739,123,61705,4880,0,2,0,2132956606,3818661,135.0,
2969427,6719008,1376,58920,124,66112,4884,0,2,0,2132967614,3832078,135.0,
2969508,6750656,1376,50958,128,69650,4907,0,2,0,2132970366,3820347,135.0,
2969546,6756160,1376,47663,135,66096,4911,0,2,0,2132970366,3820559,135.0,
2969572,6761664,1376,46190,124,68647,4915,0,2,0,2132970366,3906898,135.0,
2969590,6767168,1376,44705,102,64829,4919,0,2,0,2132970366,3995429,135.0,
2972826,6774048,1376,45685,106,66333,4924,0,2,0,2132981374,4090137,135.0,
2973619,6786432,1376,43470,111,67836,4933,0,2,0,2132986878,4159882,135.0,
2978603,6789184,1376,47702,120,69340,4935,0,2,0,2133010270,4230019,135.0,
2978662,6794688,1376,46257,122,73100,4939,0,2,0,2133010270,4280739,135.0,
2986503,6830464,1376,44064,126,73852,4965,0,2,0,2133044670,4333415,135.0,
2992069,6834592,1376,48942,133,50260,4968,0,2,0,2133069438,4313437,135.0,
3019573,6841472,1376,66844,135,49934,4973,0,2,0,2133105214,4334911,135.0,
3019675,6842848,1376,66946,133,67923,4974,0,2,0,2133110718,4168283,135.0,
3030379,6845600,1376,69096,134,68025,4976,0,2,0,2133116222,4041070,135.0,
3030466,6852480,1376,67404,135,69146,4981,0,2,0,2133118974,3917368,135.0,
3030583,6864864,1376,64278,102,68984,4990,0,2,0,2133124478,3817321,135.0,
3031639,6907520,1376,54659,111,69101,5021,0,2,0,2133127230,3744170,135.0,
3031712,6918528,1376,52780,88,58020,5029,0,2,0,2133129982,3699131,135.0,
3031738,6924032,1376,50854,96,58093,5033,0,2,0,2133129982,3742041,135.0,
3039402,6930912,1376,57248,94,53076,5038,0,2,0,2133158878,3803812,135.0,
3039457,6940544,1376,55398,99,60740,5045,0,2,0,2133158878,3804494,135.0,
3041607,6943296,1376,56595,106,60795,5047,0,2,0,2133167134,3814977,135.0,
3041816,6948800,1376,55851,108,62945,5051,0,2,0,2133167134,3830012,135.0,
3041861,6972192,1376,50168,112,63154,5068,0,2,0,2133167134,3841538,135.0,
3042242,6973568,1376,50549,103,55358,5069,0,2,0,2133169886,3867213,135.0,
3042279,6979072,1376,48672,104,55739,5073,0,2,0,2133169886,3927618,135.0,
3047393,7001088,1376,49337,108,55776,5089,0,2,0,2133189150,3990244,135.0,
3047454,7003840,1376,48446,121,55324,5091,0,2,0,2133189150,4008884,135.0,
3048298,7006592,1376,48337,123,55881,5093,0,2,0,2133191902,4074447,135.0,
3048364,7012096,1376,47451,125,56229,5097,0,2,0,2133191902,4125526,135.0,
3048387,7017600,1376,46522,129,56834,5101,0,2,0,2133191902,4179959,135.0,
3080738,7027232,1376,59441,133,57786,5108,0,2,0,2133290974,4238112,135.0,
3080842,7028608,1376,59545,134,67887,5109,0,2,0,2133296478,4184810,136.0,
3090075,7035488,1376,58577,135,68568,5114,0,2,0,2133301982,4128227,136.0,
3090175,7038240,1376,57956,133,68435,5116,0,2,0,2133307486,4078999,136.0,
3090198,7042368,1376,57244,126,69157,5119,0,2,0,2133307486,4045709,136.0,
3090224,7047872,1376,55802,98,58559,5123,0,2,0,2133307486,4023303,136.0,
3090246,7054752,1376,53654,90,58486,5128,0,2,0,2133307486,4016907,136.0,
3100972,7064384,1376,61848,95,58508,5135,0,2,0,2133329502,4024132,136.0,
3101075,7065760,1376,61951,102,69234,5136,0,2,0,2133335006,3948285,136.0,
3101099,7074016,1376,59804,103,69337,5142,0,2,0,2133335006,3904733,136.0,
3101122,7082272,1376,57663,97,61642,5148,0,2,0,2133335006,3873240,136.0,
3101145,7085024,1376,56975,80,59261,5150,0,2,0,2133335006,3863843,136.0,
3104808,7087776,1376,59948,77,58866,5152,0,2,0,2133352894,3873373,136.0,
3104838,7101536,1376,56530,79,62529,5162,0,2,0,2133352894,3856974,136.0,
3104858,7124928,1376,50964,89,62559,5179,0,2,0,2133352894,3848167,136.0,
3104880,7142816,1376,47090,78,56471,5192,0,2,0,2133352894,3868844,136.0,
3104897,7145568,1376,46133,91,56493,5194,0,2,0,2133352894,3928557,136.0,
3104913,7151072,1376,45175,93,57851,5198,0,2,0,2133352894,4025638,136.0,
3111003,7156576,1376,49317,97,57851,5202,0,2,0,2133377662,4114461,136.0,
3111034,7167584,1376,47399,101,62616,5210,0,2,0,2133377662,4155268,136.0,
3111053,7174464,1376,45470,109,62647,5215,0,2,0,2133377662,4200888,136.0,
3119839,7188224,1376,50685,114,63696,5225,0,2,0,2133416190,4270916,136.0,
3119880,7200608,1376,47804,124,71452,5234,0,2,0,2133416190,4253957,136.0,
3130996,7203360,1376,58920,133,71493,5236,0,2,0,2133465726,4274839,136.0,
3140754,7210240,1376,58976,135,82609,5241,0,2,0,2133476734,4210823,136.0,
3147496,7225376,1376,55674,132,60481,5252,0,2,0,2133484990,4146359,136.0,
3147611,7233632,1376,53738,124,57250,5258,0,2,0,2133490494,4038615,136.0,
3151439,7241888,1376,55514,130,57365,5264,0,2,0,2133507006,4043151,136.0,
3151501,7257024,1376,47654,136,61193,5275,0,2,0,2133507006,4030985,136.0,
3155575,7263904,1376,49596,125,57901,5280,0,2,0,2133523518,4078888,136.0,
3155652,7279040,1376,46287,130,60388,5291,0,2,0,2133526270,4116630,136.0,
3155681,7290048,1376,43641,93,50739,5299,0,2,0,2133526270,4163155,136.0,
3158251,7296928,1376,44898,101,51270,5304,0,2,0,2133537278,4244730,136.0,
3162018,7299680,1376,47698,89,48100,5306,0,2,0,2133553790,4319873,136.0,
3162073,7306560,1376,45820,91,50965,5311,0,2,0,2133553790,4364847,136.0,
3162100,7323072,1376,42303,96,51020,5323,0,2,0,2133553790,4404387,136.0,
3166544,7332704,1376,44814,108,51644,5330,0,2,0,2133574430,4460586,136.0,
3166580,7340960,1376,42919,96,52576,5336,0,2,0,2133574430,4500771,136.0,
3166603,7345088,1376,41976,102,53542,5339,0,2,0,2133574430,4569575,136.0,
3174497,7347840,1376,48904,105,55473,5341,0,2,0,2133610206,4654424,136.0,
3175850,7351968,1376,49292,107,56439,5344,0,2,0,2133618462,4646515,136.0,
3176879,7353344,1376,50321,110,56439,5345,0,2,0,2133622590,4623460,136.0,
3176927,7358848,1376,48437,111,57404,5349,0,2,0,2133622590,4602718,136.0,
3183803,7372608,1376,52416,115,58370,5359,0,2,0,2133630846,4595489,136.0,
3199378,7389120,1376,64099,125,63923,5371,0,2,0,2133647358,4520932,136.0,
3199496,7391872,1376,58704,135,68382,5373,0,2,0,2133655614,4321691,136.0,
3200388,7407008,1376,51137,132,59014,5384,0,2,0,2133666622,4252708,136.0,
3213104,7408384,1376,63853,126,56064,5385,0,2,0,2133680382,4188654,136.0,
3213196,7422144,1376,60542,127,65493,5395,0,2,0,2133683134,4090972,136.0,
3213231,7424896,1376,59902,120,61695,5397,0,2,0,2133685886,4014438,136.0,
3213251,7431776,1376,57898,122,61730,5402,0,2,0,2133685886,3979191,136.0,
3213272,7438656,1376,56569,127,61750,5407,0,2,0,2133685886,3954552,136.0,
3217812,7441408,1376,60441,127,57697,5409,0,2,0,2133705150,3944714,136.0,
3221047,7448288,1376,62055,110,62131,5414,0,2,0,2133716158,3914509,136.0,
3221136,7463424,1376,58305,115,65366,5425,0,2,0,2133718910,3866804,136.0,
3224549,7471680,1376,59837,121,62885,5431,0,2,0,2133732670,3833224,136.0,
3226364,7486816,1376,58876,108,62449,5442,0,2,0,2133738174,3807753,136.0,
3226443,7506080,1376,54482,119,64264,5456,0,2,0,2133740926,3786269,136.0,
3226473,7519840,1376,51260,117,59840,5466,0,2,0,2133740926,3796511,136.0,
3226500,7541856,1376,46832,127,59870,5482,0,2,0,2133740926,3834083,136.0,
3226524,7543232,1376,46856,133,51246,5483,0,2,0,2133740926,3894618,136.0,
3235122,7550112,1376,50810,134,52144,5488,0,2,0,2133773950,3988016,136.0,
3235174,7559744,1376,49036,129,55365,5495,0,2,0,2133773950,4033157,136.0,
3235448,7565248,1376,35541,136,55822,5499,0,2,0,2133776702,4077249,136.0,
3240799,7568000,1376,40892,128,66112,5501,0,2,0,2133800094,4261585,136.0,
3260037,7574880,1376,58204,130,66589,5506,0,2,0,2133841374,4384330,136.0,
3260136,7584512,1376,56028,133,60541,5513,0,2,0,2133849630,4300833,136.0,
3270199,7591392,1376,64120,129,59748,5518,0,2,0,2133856510,4245512,136.0,
3270299,7602400,1376,55425,134,69811,5526,0,2,0,2133862014,4123319,136.0,
3270331,7603776,1376,55457,119,57473,5527,0,2,0,2133862014,4032985,136.0,
3270351,7617536,1376,51989,120,58171,5537,0,2,0,2133862014,4035014,136.0,
3270373,7628544,1376,49204,130,58869,5545,0,2,0,2133862014,4042951,136.0,
3279166,7631296,1376,57294,136,61689,5547,0,2,0,2133900542,4081816,136.0,
3279225,7636800,1376,55923,133,63853,5551,0,2,0,2133900542,4060789,136.0,
3279251,7647808,1376,53078,126,62620,5559,0,2,0,2133900542,4048518,136.0,
3279273,7650560,1376,52377,128,62386,5561,0,2,0,2133900542,4050681,136.0,
3279291,7656064,1376,50945,130,63109,5565,0,2,0,2133900542,4078832,136.0,
3279317,7658816,1376,50281,82,52767,5567,0,2,0,2133900542,4110404,136.0,
3279335,7661568,1376,49609,84,52793,5569,0,2,0,2133900542,4151735,136.0,
3284405,7667072,1376,53299,86,52811,5573,0,2,0,2133923934,4195168,136.0,
3284441,7686336,1376,48505,90,57881,5587,0,2,0,2133923934,4190667,136.0,
3300377,7693216,1376,62430,104,57917,5592,0,2,0,2133959710,4199886,136.0,
3300480,7705600,1376,59627,93,64929,5601,0,2,0,2133965214,4101292,136.0,
3308819,7742752,1376,59438,102,65032,5628,0,2,0,2133978974,4029729,136.0,
3308930,7753760,1376,57666,127,68020,5636,0,2,0,2133984478,3950886,137.0,
3320428,7756512,1376,60340,135,68131,5638,0,2,0,2134029886,3931206,137.0,
3320502,7757888,1376,60414,132,60391,5639,0,2,0,2134032638,3907465,137.0,
3320527,7760640,1376,59959,133,60465,5641,0,2,0,2134032638,3886302,137.0,
3320547,7768896,1376,58047,135,60490,5647,0,2,0,2134032638,3871744,137.0,
3320570,7779904,1376,48646,134,60411,5655,0,2,0,2134032638,3858931,137.0,
3320592,7788160,1376,46645,110,52190,5661,0,2,0,2134032638,3928458,137.0,
3324913,7790912,1376,50292,116,53538,5663,0,2,0,2134049150,4011969,137.0,
3340685,7793664,1376,65390,118,55561,5665,0,2,0,2134067038,4066894,137.0,
3340777,7800544,1376,63459,120,70312,5670,0,2,0,2134069790,3979547,137.0,
3341268,7818432,1376,59923,125,70404,5683,0,2,0,2134075294,3911054,137.0,
3341308,7850080,1376,52422,114,61933,5706,0,2,0,2134078046,3860075,137.0,
3349038,7852832,1376,59497,119,56867,5708,0,2,0,2134105566,3854287,137.0,
3349094,7859712,1376,57587,121,64597,5713,0,2,0,2134105566,3847682,137.0,
3349118,7861088,1376,57611,126,64653,5714,0,2,0,2134105566,3846815,137.0,
3349137,7872096,1376,55009,127,64677,5722,0,2,0,2134105566,3856603,137.0,
3349163,7881728,1376,47044,135,64696,5729,0,2,0,2134105566,3870469,137.0,
3355443,7891360,1376,51275,128,63489,5736,0,2,0,2134131710,3952577,137.0,
3355497,7899616,1376,45222,135,64172,5742,0,2,0,2134131710,3986604,137.0,
3355526,7905120,1376,43851,106,60544,5746,0,2,0,2134131710,4077560,137.0,
3355547,7906496,1376,43872,110,60894,5747,0,2,0,2134131710,4173726,137.0,
3380190,7909248,1376,67815,111,62294,5749,0,2,0,2134179870,4275557,137.0,
3380392,7918880,1376,65217,113,71260,5756,0,2,0,2134185374,4130100,137.0,
3389747,7931264,1376,71772,120,71462,5765,0,2,0,2134193630,4015147,137.0,
3389851,7979424,1376,59834,129,80817,5800,0,2,0,2134199134,3859046,137.0,
3389895,7982176,1376,49160,137,64938,5802,0,2,0,2134199134,3758408,137.0,
3399576,7990432,1376,57088,137,65440,5808,0,2,0,2134237662,3846504,137.0,
3399633,7997312,1376,55004,125,61799,5813,0,2,0,2134237662,3849082,137.0,
3399662,8008320,1376,52177,107,58325,5821,0,2,0,2134237662,3868326,137.0,
3399684,8009696,1376,52199,115,58364,5822,0,2,0,2134237662,3897023,137.0,
3404292,8013824,1376,55379,116,61220,5825,0,2,0,2134258302,3946732,137.0,
3404343,8015200,1376,55430,119,62984,5826,0,2,0,2134258302,3957287,137.0,
3404374,8030336,1376,51596,120,63035,5837,0,2,0,2134258302,3972349,137.0,
3404408,8050976,1376,46809,108,55211,5852,0,2,0,2134258302,3991625,137.0,
3420215,8056480,1376,60685,105,48861,5856,0,2,0,2134320222,4042791,137.0,
3420272,8070240,1376,57845,109,64668,5866,0,2,0,2134320222,3992004,137.0,
3429329,8090880,1376,62075,119,64725,5881,0,2,0,2134344990,3956431,137.0,
3440271,8092256,1376,73017,134,73782,5882,0,2,0,2134367006,3874056,137.0,
3440360,8099136,1376,59121,135,84724,5887,0,2,0,2134368382,3756450,137.0,
3440404,8104640,1376,57794,131,68164,5891,0,2,0,2134373886,3757222,137.0,
3440433,8106016,1376,57823,135,68164,5892,0,2,0,2134373886,3765368,137.0,
3440453,8112896,1376,49581,136,69535,5897,0,2,0,2134373886,3783110,137.0,
3440474,8117024,1376,48887,95,50558,5900,0,2,0,2134373886,3856833,137.0,
3443768,8119776,1376,51465,98,50579,5902,0,2,0,2134387646,3932684,137.0,
3443827,8122528,1376,50809,100,53873,5904,0,2,0,2134387646,3985129,137.0,
3443849,8130784,1376,48685,102,53932,5910,0,2,0,2134387646,4038082,137.0,
3443874,8147296,1376,44417,108,53954,5922,0,2,0,2134387646,4091998,137.0,
3448921,8155552,1376,47336,120,55145,5928,0,2,0,2134406910,4160561,137.0,
3448980,8170688,1376,43560,106,53403,5939,0,2,0,2134406910,4215050,137.0,
3449009,8180320,1376,40849,117,54798,5946,0,2,0,2134406910,4284617,137.0,
3459961,8191328,1376,49078,94,49162,5954,0,2,0,2134455070,4387507,137.0,
3460045,8195456,1376,48482,102,55553,5957,0,2,0,2134459198,4384924,137.0,
3470047,8202336,1376,56441,105,55637,5962,0,2,0,2134471582,4410862,137.0,
3470139,8227104,1376,50747,110,65639,5980,0,2,0,2134475710,4341885,137.0,
3470601,8232608,1376,49848,128,65731,5984,0,2,0,2134483966,4296192,137.0,
3470648,8242240,1376,47127,132,66193,5991,0,2,0,2134483966,4317975,137.0,
3470674,8246368,1376,46458,125,61904,5994,0,2,0,2134483966,4350935,137.0,
3478461,8253248,1376,52158,128,63991,5999,0,2,0,2134519742,4402150,137.0,
3478746,8257376,1376,51748,133,65382,6002,0,2,0,2134519742,4379120,137.0,
3478775,8268384,1376,47616,136,66773,6010,0,2,0,2134519742,4370807,137.0,
3478801,8271136,1376,46932,129,66956,6012,0,2,0,2134519742,4395894,137.0,
3478819,8276640,1376,45529,131,69442,6016,0,2,0,2134519742,4444781,137.0,
3478839,8279392,1376,44838,135,70153,6018,0,2,0,2134519742,4496186,137.0,
3484560,8291776,1376,41890,137,71574,6027,0,2,0,2134548638,4558178,137.0,
3484619,8300032,1376,39850,127,51098,6033,0,2,0,2134548638,4620911,137.0,
3484642,8316544,1376,35866,133,52498,6045,0,2,0,2134548638,4713646,137.0,
3484669,8322048,1376,34570,123,49589,6049,0,2,0,2134548638,4824453,137.0,
3504120,8326176,1376,53393,103,43981,6052,0,2,0,2134596798,4979200,137.0,
3510639,8338560,1376,57090,106,55111,6061,0,2,0,2134600926,4872461,137.0,
3522717,8345440,1376,67286,115,61630,6066,0,2,0,2134613310,4713266,137.0,
3522799,8356448,1376,64546,120,73708,6074,0,2,0,2134621566,4477343,137.0,
3522823,8383968,1376,58934,128,73790,6094,0,2,0,2134621566,4298222,137.0,
3522851,8386720,1376,52753,137,62778,6096,0,2,0,2134621566,4179683,137.0,
3522866,8388096,1376,52768,134,57854,6097,0,2,0,2134621566,4192940,137.0,
3528243,8399104,1376,55748,135,57854,6105,0,2,0,2134646334,4204464,137.0,
3528276,8439008,1376,46748,111,57569,6134,0,2,0,2134646334,4167037,137.0,
3528302,8448640,1376,44963,116,49437,6141,0,2,0,2134646334,4152742,137.0,
3528318,8459648,1376,42262,123,49463,6149,0,2,0,2134646334,4227427,137.0,
3528335,8461024,1376,42279,131,50244,6150,0,2,0,2134646334,4322729,137.0,
3528366,8463776,1376,41404,132,52055,6152,0,2,0,2134646334,4429073,137.0,
3602124,8465152,1376,115162,103,43697,6153,0,2,0,2134738526,4536434,137.0,
3602216,8469280,1376,114425,104,117455,6156,0,2,0,2134741278,3898357,137.0,
3609949,8472032,1376,121329,107,117547,6158,0,2,0,2134744030,3476063,137.0,
3610038,8513312,1376,105850,109,125280,6188,0,2,0,2134746782,3137106,137.0,
3610092,8516064,1376,99371,136,105918,6190,0,2,0,2134749534,2890073,137.0,
3610112,8517440,1376,99391,129,99453,6191,0,2,0,2134749534,2795868,137.0,
3610132,8520192,1376,98973,130,99473,6193,0,2,0,2134749534,2718257,137.0,
3610151,8525696,1376,98116,132,99493,6197,0,2,0,2134749534,2655425,137.0,
3610171,8536704,1376,86037,136,99512,6205,0,2,0,2134749534,2602712,137.0,
3610191,8540832,1376,85075,108,87305,6208,0,2,0,2134749534,2600819,137.0,
3610224,8543584,1376,84453,111,87325,6210,0,2,0,2134749534,2606723,137.0,
3610243,8546336,1376,83491,113,87358,6212,0,2,0,2134749534,2615493,137.0,
3610262,8557344,1376,80891,115,87377,6220,0,2,0,2134749534,2625633,137.0,
3610284,8558720,1376,80913,123,87396,6221,0,2,0,2134749534,2635751,137.0,
3610466,8561472,1376,80441,124,87418,6223,0,2,0,2134752286,2654744,137.0,
3610488,8595872,1376,72577,71,82100,6248,0,2,0,2134752286,2673451,137.0,
3610517,8598624,1376,72606,96,82122,6250,0,2,0,2134752286,2692379,137.0,
3610536,8611008,1376,69288,98,82151,6259,0,2,0,2134752286,2738888,137.0,
3610555,8613760,1376,69307,107,82170,6261,0,2,0,2134752286,2784734,137.0,
3610574,8646784,1376,62046,109,82189,6285,0,2,0,2134752286,2836793,137.0,
3610624,8650912,1376,61186,133,82208,6288,0,2,0,2134752286,2888072,137.0,
3667142,8655040,1376,64615,136,82258,6291,0,2,0,2134921534,2969296,137.0,
3677763,8656416,1376,75236,135,114736,6292,0,2,0,2134932542,3047044,138.0,
3677852,8667424,1376,65428,136,114736,6300,0,2,0,2134933918,3044733,138.0,
3697744,8670176,1376,84393,12,67228,6302,0,2,0,2134944926,3080669,138.0,
3697836,8679808,1376,81241,14,87120,6309,0,2,0,2134947678,3027324,138.0,
3697872,8682560,1376,80350,21,87212,6311,0,2,0,2134950430,2986217,138.0,
3697893,8694944,1376,75737,23,87248,6320,0,2,0,2134950430,2966560,138.0,
3697917,8696320,1376,75761,32,87269,6321,0,2,0,2134950430,2953898,138.0,
3697937,8703200,1376,73001,33,87293,6326,0,2,0,2134950430,2960514,138.0,
3704509,8738976,1376,67524,38,87313,6352,0,2,0,2134972446,2970708,138.0,
3704552,8741728,1376,67104,64,93885,6354,0,2,0,2134972446,2956883,138.0,
3704569,8774752,1376,55999,66,93928,6378,0,2,0,2134972446,3005428,138.0,
3704592,8777504,1376,55095,90,93945,6380,0,2,0,2134972446,3053884,138.0,
3715914,8794016,1376,60856,92,100059,6392,0,2,0,2135008222,3157126,138.0,
3721929,8796768,1376,65944,104,105290,6394,0,2,0,2135026110,3194107,138.0,
3722707,8809152,1376,62552,106,111305,6403,0,2,0,2135028862,3224589,138.0,
3722732,8811904,1376,61650,115,112083,6405,0,2,0,2135028862,3252603,138.0,
3722748,8818784,1376,58885,117,112108,6410,0,2,0,2135028862,3302130,138.0,
3724043,8844928,1376,51910,122,112571,6429,0,2,0,2135034366,3352326,138.0,
3728225,8851808,1376,49292,138,66896,6434,0,2,0,2135048126,3401061,138.0,
3730509,8857312,1376,49790,134,65615,6438,0,2,0,2135056382,3509667,138.0,
3734663,8862816,1376,36413,138,67402,6442,0,2,0,2135070142,3608615,138.0,
3744448,8865568,1376,45277,133,83972,6444,0,2,0,2135107294,3806618,138.0,
3762379,8872448,1376,60429,118,76089,6449,0,2,0,2135143070,3926178,138.0,
3762460,8873824,1376,60510,123,77015,6450,0,2,0,2135148574,3890607,138.0,
3762505,8879328,1376,58702,124,78868,6454,0,2,0,2135148574,3874548,138.0,
3766940,8882080,1376,62211,128,79795,6456,0,2,0,2135155454,3867824,138.0,
3767015,8890336,1376,59561,130,81647,6462,0,2,0,2135158206,3840946,138.0,
3767568,8893088,1376,59243,82,62423,6464,0,2,0,2135166462,3824555,138.0,
3767601,8898592,1376,57532,84,62976,6468,0,2,0,2135166462,3827253,138.0,
3767755,8902720,1376,55943,88,63009,6471,0,2,0,2135166462,3836379,138.0,
3767772,8904096,1376,55960,91,63163,6472,0,2,0,2135166462,3857331,138.0,
3773345,8906848,1376,60661,92,63180,6474,0,2,0,2135180222,3882908,138.0,
3773436,8913728,1376,58137,94,68753,6479,0,2,0,2135182974,3866626,138.0,
3773483,8916480,1376,57312,99,68844,6481,0,2,0,2135185726,3858858,138.0,
3773504,8919232,1376,56462,101,68891,6483,0,2,0,2135185726,3865945,138.0,
3773523,8927488,1376,53886,103,68912,6489,0,2,0,2135185726,3879174,138.0,
3773543,8931616,1376,53044,97,67490,6492,0,2,0,2135185726,3897911,138.0,
3773563,8939872,1376,50049,100,69213,6498,0,2,0,2135185726,3936224,138.0,
3773584,8941248,1376,50070,104,67529,6499,0,2,0,2135185726,3985153,138.0,
3773616,8952256,1376,46797,105,67529,6507,0,2,0,2135185726,4048056,138.0,
3773639,8968768,1376,42015,78,56587,6519,0,2,0,2135185726,4112364,138.0,
3773662,8977024,1376,39729,85,52016,6525,0,2,0,2135185726,4201439,138.0,
3773682,8983904,1376,37461,87,52582,6530,0,2,0,2135185726,4331016,138.0,
3783918,8988032,1376,46974,88,39019,6533,0,2,0,2135235262,4475917,138.0,
3783996,8990784,1376,46329,91,49255,6535,0,2,0,2135239390,4511497,138.0,
3788275,8997664,1376,48439,93,49333,6540,0,2,0,2135255902,4558634,138.0,
3788648,9011424,1376,45559,98,53612,6550,0,2,0,2135260030,4559774,138.0,
3794351,9040320,1376,43464,108,53985,6571,0,2,0,2135287550,4577199,138.0,
3798377,9041696,1376,47490,127,49903,6572,0,2,0,2135304062,4568516,138.0,
3798919,9044448,1376,47331,128,53929,6574,0,2,0,2135304062,4596010,138.0,
3798978,9052704,1376,45287,130,54471,6580,0,2,0,2135304062,4622207,138.0,
3808641,9055456,1376,54249,136,54530,6582,0,2,0,2135328830,4652989,138.0,
3808733,9060960,1376,45966,138,64193,6586,0,2,0,2135332958,4591137,138.0,
3808767,9066464,1376,44225,137,62317,6590,0,2,0,2135337086,4629756,138.0,
3808790,9067840,1376,44248,136,60598,6591,0,2,0,2135337086,4676372,138.0,
3827974,9073344,1376,60643,137,61665,6595,0,2,0,2135343966,4730728,138.0,
3828080,9081600,1376,58590,133,60959,6601,0,2,0,2135348094,4578246,138.0,
3828125,9084352,1376,57926,129,60308,6603,0,2,0,2135352222,4463259,138.0,
3832512,9089856,1376,60896,131,60353,6607,0,2,0,2135360478,4389395,138.0,
3837701,9114624,1376,59857,135,64740,6625,0,2,0,2135364606,4289295,138.0,
3839476,9125632,1376,59787,95,64019,6633,0,2,0,2135378366,4169105,138.0,
3839537,9132512,1376,57696,103,65794,6638,0,2,0,2135378366,4103625,138.0,
3839561,9147648,1376,54954,108,65855,6649,0,2,0,2135378366,4072464,138.0,
3859266,9168288,1376,70105,119,65879,6664,0,2,0,2135425150,4056442,138.0,
3859378,9175168,1376,68406,129,75270,6669,0,2,0,2135430654,3903872,138.0,
3859408,9188928,1376,65730,119,70730,6679,0,2,0,2135430654,3814488,138.0,
3859436,9195808,1376,64255,129,70760,6684,0,2,0,2135430654,3746287,138.0,
3868540,9227456,1376,66167,134,70788,6707,0,2,0,2135466430,3715492,138.0,
3868607,9228832,1376,66234,127,69562,6708,0,2,0,2135466430,3633082,138.0,
3868628,9235712,1376,64481,128,69629,6713,0,2,0,2135466430,3607808,138.0,
3868648,9241216,1376,63613,133,69650,6717,0,2,0,2135466430,3592104,138.0,
3868668,9243968,1376,59977,137,69670,6719,0,2,0,2135466430,3584574,138.0,
3868692,9249472,1376,59552,137,60027,6723,0,2,0,2135466430,3610066,138.0,
3868712,9252224,1376,58680,137,59959,6725,0,2,0,2135466430,3632496,138.0,
3868729,9256352,1376,57825,134,59922,6728,0,2,0,2135466430,3662043,138.0,
3873127,9259104,1376,45103,137,59939,6730,0,2,0,2135484318,3688167,138.0,
3879729,9267360,1376,50329,135,60693,6736,0,2,0,2135509086,3816972,138.0,
3879793,9272864,1376,49453,133,59201,6740,0,2,0,2135509086,3881941,138.0,
3879815,9275616,1376,47258,137,59201,6742,0,2,0,2135509086,3951832,138.0,
3883310,9276992,1376,50753,135,61649,6743,0,2,0,2135522846,4043001,138.0,
3883369,9279744,1376,45610,136,61649,6745,0,2,0,2135522846,4093911,138.0,
3883391,9286624,1376,43982,120,63297,6750,0,2,0,2135522846,4188436,138.0,
3883422,9305888,1376,39300,125,63627,6764,0,2,0,2135522846,4277890,138.0,
3883446,9315520,1376,37289,115,58888,6771,0,2,0,2135522846,4372833,138.0,
3889043,9318272,1376,42208,122,62281,6773,0,2,0,2135550366,4511185,138.0,
3889099,9325152,1376,40228,124,64994,6778,0,2,0,2135550366,4605822,138.0,
3889125,9336160,1376,37541,129,65673,6786,0,2,0,2135550366,4699483,138.0,
3900580,9337536,1376,48996,137,67030,6787,0,2,0,2135610910,4801390,138.0,
3903187,9340288,1376,43868,138,69743,6789,0,2,0,2135615038,4782019,138.0,
3910133,9344416,1376,49757,125,72874,6792,0,2,0,2135615038,4829937,138.0,
3910747,9351296,1376,48889,108,65797,6797,0,2,0,2135619166,4788261,138.0,
3910812,9355424,1376,47473,113,65797,6800,0,2,0,2135627422,4753513,138.0,
3915123,9360928,1376,50303,116,68019,6804,0,2,0,2135631550,4750069,138.0,
3915216,9365056,1376,49655,120,68760,6807,0,2,0,2135635678,4703338,138.0,
3915249,9371936,1376,47466,123,70241,6812,0,2,0,2135639806,4679805,138.0,
3915273,9380192,1376,45268,128,71723,6818,0,2,0,2135639806,4676732,138.0,
3915482,9385696,1376,43985,90,59973,6822,0,2,0,2135643934,4691573,138.0,
3915506,9391200,1376,42889,94,59973,6826,0,2,0,2135643934,4729206,138.0,
3918484,9395328,1376,44375,98,61838,6829,0,2,0,2135660446,4785647,138.0,
3918536,9398080,1376,43681,101,63331,6831,0,2,0,2135660446,4817174,138.0,
3918559,9403584,1376,42262,101,46831,6835,0,2,0,2135660446,4854052,138.0,
3918580,9404960,1376,42283,105,46831,6836,0,2,0,2135660446,4896281,138.0,
3918602,9415968,1376,39421,106,48273,6844,0,2,0,2135660446,4952886,138.0,
3918644,9426976,1376,36619,114,48994,6852,0,2,0,2135660446,5013117,138.0,
3924520,9435232,1376,40453,110,48787,6858,0,2,0,2135687966,5107376,138.0,
3924572,9443488,1376,38299,116,50148,6864,0,2,0,2135687966,5147760,138.0,
3924601,9446240,1376,38328,93,41126,6866,0,2,0,2135687966,5213122,138.0,
3928365,9454496,1376,40262,95,42151,6872,0,2,0,2135708606,5294613,138.0,
3939512,9462752,1376,49579,101,44919,6878,0,2,0,2135731998,5323371,138.0,
3959397,9469632,1376,67689,107,56066,6883,0,2,0,2135740254,5206452,138.0,
3959488,9488896,1376,63482,97,70272,6897,0,2,0,2135744382,4862286,138.0,
3959527,9495776,1376,62661,111,70363,6902,0,2,0,2135748510,4605345,138.0,
3968796,9515040,1376,67631,116,70402,6916,0,2,0,2135773278,4447557,138.0,
3971264,9542560,1376,58928,130,79671,6936,0,2,0,2135789790,4242240,138.0,
3975839,9543936,1376,63503,136,60452,6937,0,2,0,2135810430,4091669,138.0,
3975874,9552192,1376,60261,137,65027,6943,0,2,0,2135810430,4021151,138.0,
3975892,9561824,1376,57655,136,60658,6950,0,2,0,2135810430,3985685,138.0,
3975910,9564576,1376,57673,124,60386,6952,0,2,0,2135810430,3966380,138.0,
3975924,9567328,1376,56824,126,60404,6954,0,2,0,2135810430,3964448,138.0,
3978077,9568704,1376,58977,128,60418,6955,0,2,0,2135818686,3970086,138.0,
3978116,9575584,1376,57291,129,62571,6960,0,2,0,2135818686,3956455,138.0,
3979789,9587968,1376,56809,108,59472,6969,0,2,0,2135826942,3951652,138.0,
3979826,9619616,1376,50494,117,61145,6992,0,2,0,2135826942,3940538,138.0,
3979852,9636128,1376,47414,126,55225,7004,0,2,0,2135826942,3955836,138.0,
3979871,9637504,1376,47433,132,51487,7005,0,2,0,2135826942,4017580,138.0,
3979886,9651264,1376,39944,133,51506,7015,0,2,0,2135826942,4101501,138.0,
4020934,9652640,1376,80992,137,50527,7016,0,2,0,2135928766,4185147,138.0,
4021023,9658144,1376,61153,138,81422,7020,0,2,0,2135930142,3944734,138.0,
4029562,9673280,1376,66939,123,68162,7031,0,2,0,2135935646,3912451,138.0,
4029669,9685664,1376,64262,129,70035,7040,0,2,0,2135941150,3818603,138.0,
4029693,9692544,1376,60381,138,70142,7045,0,2,0,2135941150,3767728,138.0,
4030839,9703552,1376,58607,129,71100,7053,0,2,0,2135946654,3764701,138.0,
4031712,9704928,1376,59480,117,59896,7054,0,2,0,2135952158,3756934,138.0,
4032695,9710432,1376,58782,118,60448,7058,0,2,0,2135954910,3766031,138.0,
4033316,9711808,1376,59403,122,61431,7059,0,2,0,2135957662,3771594,138.0,
4033367,9718688,1376,57436,123,62052,7064,0,2,0,2135957662,3779515,138.0,
4038144,9729696,1376,59482,128,62250,7072,0,2,0,2135974174,3791369,138.0,
4038953,9740704,1376,57508,118,62220,7080,0,2,0,2135976926,3774788,138.0,
4039034,9742080,1376,57589,65,59067,7081,0,2,0,2135979678,3775367,138.0,
4039056,9750336,1376,55639,66,59148,7087,0,2,0,2135979678,3797119,138.0,
4039078,9776480,1376,49414,72,59170,7106,0,2,0,2135979678,3821444,138.0,
4039113,9779232,1376,48791,91,59192,7108,0,2,0,2135979678,3858858,138.0,
4039132,9781984,1376,48153,93,59227,7110,0,2,0,2135979678,3944520,138.0,
4040897,9784736,1376,49260,95,59246,7112,0,2,0,2135985182,4028322,138.0,
4040963,9787488,1376,48669,97,61011,7114,0,2,0,2135985182,4094417,138.0,
4040987,9792992,1376,47377,99,61077,7118,0,2,0,2135985182,4159658,138.0,
4041008,9804000,1376,44768,103,61101,7126,0,2,0,2135985182,4224671,138.0,
4048487,9841152,1376,43370,111,61122,7153,0,2,0,2136019582,4296311,138.0,
4079601,9848032,1376,57738,138,68601,7158,0,2,0,2136117278,4311013,138.0,
4079683,9852160,1376,49705,138,61289,7161,0,2,0,2136124158,4253078,138.0,
4089817,9859040,1376,58387,130,68851,7166,0,2,0,2136128286,4288205,138.0,
4089920,9867296,1376,56294,121,61873,7172,0,2,0,2136133790,4221648,138.0,
4089949,9871424,1376,54863,118,61394,7175,0,2,0,2136133790,4184974,138.0,
4089969,9878304,1376,53431,111,60500,7180,0,2,0,2136133790,4174012,138.0,
4089989,9882432,1376,51999,116,60500,7183,0,2,0,2136133790,4171223,138.0,
4090008,9883808,1376,52018,119,62678,7184,0,2,0,2136133790,4189466,138.0,
4090026,9892064,1376,49856,120,63404,7190,0,2,0,2136133790,4212429,138.0,
4090046,9894816,1376,49147,110,58725,7192,0,2,0,2136133790,4239685,138.0,
4096813,9901696,1376,53907,82,50914,7197,0,2,0,2136169566,4285513,138.0,
4100407,9914080,1376,54939,71,55805,7206,0,2,0,2136177822,4264859,138.0,
4100494,9937472,1376,49264,80,59399,7223,0,2,0,2136183326,4224603,138.0,
4106303,9947104,1376,53158,70,53376,7230,0,2,0,2136206718,4213968,138.0,
4106357,9964992,1376,49382,77,57816,7243,0,2,0,2136206718,4204249,138.0,
4112464,9987008,1376,50063,90,57870,7259,0,2,0,2136231486,4213832,138.0,
4112526,9995264,1376,48209,106,63977,7265,0,2,0,2136231486,4209394,138.0,
4112553,10004896,1376,46321,112,65504,7272,0,2,0,2136231486,4248707,138.0,
4115527,10009024,1376,48338,119,67420,7275,0,2,0,2136246622,4302811,138.0,
4117504,10011776,1376,49357,122,70292,7277,0,2,0,2136257630,4350240,138.0,
4117555,10013152,1376,49408,124,71250,7278,0,2,0,2136257630,4381851,138.0,
4117582,10020032,1376,47520,125,71250,7283,0,2,0,2136257630,4409345,138.0,
4117602,10021408,1376,47540,130,72207,7284,0,2,0,2136257630,4443730,138.0,
4118850,10026912,1376,46873,131,73165,7288,0,2,0,2136261758,4484594,138.0,
4122531,10029664,1376,50554,135,74122,7290,0,2,0,2136278270,4517703,138.0,
4122588,10032416,1376,42952,137,75080,7292,0,2,0,2136278270,4516404,138.0,
4122613,10039296,1376,41683,134,58477,7297,0,2,0,2136278270,4601916,138.0,
4137208,10040672,1376,56278,136,51312,7298,0,2,0,2136314046,4683039,138.0,
4137299,10051680,1376,45809,137,57525,7306,0,2,0,2136318174,4593115,138.0,
4137335,10053056,1376,45845,114,49949,7307,0,2,0,2136322302,4618495,138.0,
4161298,10058560,1376,67881,115,50591,7311,0,2,0,2136330558,4659721,138.0,
4161389,10061312,1376,67972,119,71252,7313,0,2,0,2136334686,4433700,138.0,
4161422,10070944,1376,65115,121,71343,7320,0,2,0,2136338814,4261858,138.0,
4161446,10091584,1376,60314,128,71376,7335,0,2,0,2136338814,4130750,138.0,
4161468,10123232,1376,52829,129,61039,7358,0,2,0,2136338814,4039436,138.0,
4161497,10128736,1376,51552,115,55111,7362,0,2,0,2136338814,4004597,138.0,
4163822,10130112,1376,53877,119,55494,7363,0,2,0,2136349822,4040483,138.0,
4170163,10143872,1376,56952,120,57465,7373,0,2,0,2136374590,4063160,138.0,
4170206,10149376,1376,55703,130,63806,7377,0,2,0,2136374590,4031842,138.0,
4173241,10181024,1376,51495,105,57653,7400,0,2,0,2136386974,4033394,138.0,
4173291,10186528,1376,50631,112,54391,7404,0,2,0,2136386974,4013467,138.0,
4173308,10196160,1376,47939,116,54441,7411,0,2,0,2136386974,4060219,138.0,
4173335,10201664,1376,47085,114,50695,7415,0,2,0,2136386974,4118812,138.0,
4173371,10203040,1376,47121,118,50722,7416,0,2,0,2136386974,4188436,138.0,
4175204,10207168,1376,48072,119,50758,7419,0,2,0,2136397982,4259707,138.0,
4180676,10218176,1376,50900,122,52591,7427,0,2,0,2136422750,4314359,138.0,
4180713,10219552,1376,50937,130,58063,7428,0,2,0,2136422750,4315912,138.0,
4180729,10241568,1376,41242,131,58100,7444,0,2,0,2136422750,4334991,138.0,
4189799,10242944,1376,50312,137,47111,7445,0,2,0,2136459902,4360845,138.0,
4222573,10245696,1376,61225,138,52464,7447,0,2,0,2136520446,4381177,138.0,
4222662,10248448,1376,60848,136,68894,7449,0,2,0,2136523198,4286249,138.0,
4234012,10253952,1376,71229,136,68397,7453,0,2,0,2136525950,4205636,138.0,
4234089,10260832,1376,69263,91,72515,7458,0,2,0,2136531454,4037798,138.0,
4234118,10270464,1376,67256,96,72592,7465,0,2,0,2136531454,3914737,138.0,
4234144,10273216,1376,66605,102,70296,7467,0,2,0,2136531454,3823713,138.0,
4234163,10281472,1376,64592,104,70322,7473,0,2,0,2136531454,3768281,138.0,
4234207,10293856,1376,61581,110,70341,7482,0,2,0,2136531454,3726087,138.0,
4239389,10303488,1376,64070,105,64001,7489,0,2,0,2136553470,3704845,138.0,
4244477,10314496,1376,67220,73,66018,7497,0,2,0,2136572734,3670700,138.0,
4244532,10353024,1376,57748,78,69273,7525,0,2,0,2136572734,3619090,138.0,
4244566,10355776,1376,57782,81,63803,7527,0,2,0,2136572734,3595136,138.0,
4244588,10361280,1376,55910,83,63837,7531,0,2,0,2136572734,3635278,138.0,
4244615,10365408,1376,54991,87,63859,7534,0,2,0,2136572734,3677995,138.0,
4244634,10372288,1376,54063,90,63886,7539,0,2,0,2136572734,3723187,138.0,
4248762,10390176,1376,53476,95,63905,7552,0,2,0,2136589246,3770868,138.0,
4248820,10397056,1376,52591,107,58963,7557,0,2,0,2136589246,3795862,138.0,
4248843,10409440,1376,49788,112,59021,7566,0,2,0,2136589246,3847911,138.0,
4248866,10432832,1376,44472,121,59044,7583,0,2,0,2136589246,3910194,138.0,
4278601,10438336,1376,55659,138,60510,7587,0,2,0,2136707582,3990702,138.0,
4278655,10446592,1376,43582,138,61128,7593,0,2,0,2136707582,4029482,139.0,
4289622,10452096,1376,53063,111,63470,7597,0,2,0,2136724094,4141781,139.0,
4289699,10476864,1376,46434,115,64213,7615,0,2,0,2136729598,4156868,139.0,
4302566,10479616,1376,58551,126,66343,7617,0,2,0,2136754366,4183539,139.0,
4302657,10487872,1376,56393,128,69342,7623,0,2,0,2136757118,4148659,139.0,
4302696,10490624,1376,55702,84,58023,7625,0,2,0,2136759870,4124708,139.0,
4302718,10498880,1376,53535,86,58062,7631,0,2,0,2136759870,4124170,139.0,
4304122,10503008,1376,53479,92,58099,7634,0,2,0,2136769502,4130256,139.0,
4305832,10504384,1376,55189,51,55256,7635,0,2,0,2136775006,4142930,139.0,
4305889,10507136,1376,54557,52,56966,7637,0,2,0,2136775006,4144894,139.0,
4305912,10525024,1376,49753,54,57023,7650,0,2,0,2136775006,4152543,139.0,
4305941,10536032,1376,47023,67,57046,7658,0,2,0,2136775006,4165553,139.0,
4305977,10537408,1376,47059,75,57075,7659,0,2,0,2136775006,4216404,139.0,
4305997,10542912,1376,45700,76,58921,7663,0,2,0,2136775006,4289041,139.0,
4306016,10551168,1376,43305,80,59610,7669,0,2,0,2136775006,4361602,139.0,
4306036,10552544,1376,43325,86,60990,7670,0,2,0,2136775006,4441716,139.0,
4306067,10555296,1376,42667,87,62714,7672,0,2,0,2136775006,4533262,139.0,
4318472,10560800,1376,53693,89,63403,7676,0,2,0,2136831422,4624161,139.0,
4318554,10593824,1376,45499,93,69606,7700,0,2,0,2136835550,4569521,139.0,
4340656,10596576,1376,66912,117,69688,7702,0,2,0,2136872702,4537250,139.0,
4340772,10603456,1376,64959,119,91790,7707,0,2,0,2136875454,4361291,139.0,
4352321,10619968,1376,72715,124,91906,7719,0,2,0,2136880958,4223717,139.0,
4352443,10651616,1376,59823,136,103455,7742,0,2,0,2136886462,4018784,139.0,
4352486,10662624,1376,57234,127,62744,7750,0,2,0,2136886462,3890741,139.0,
4352509,10664000,1376,57257,135,62787,7751,0,2,0,2136886462,3883532,139.0,
4352528,10666752,1376,56619,136,62810,7753,0,2,0,2136886462,3898730,139.0,
4356403,10673632,1376,52788,138,62829,7758,0,2,0,2136904350,3917446,139.0,
4360172,10679136,1376,55225,127,55892,7762,0,2,0,2136918110,3957988,139.0,
4360230,10690144,1376,52955,131,57454,7770,0,2,0,2136918110,3970234,139.0,
4360259,10692896,1376,52389,98,54163,7772,0,2,0,2136918110,3994931,139.0,
4360279,10698400,1376,51516,100,54192,7776,0,2,0,2136918110,4039428,139.0,
4360306,10706656,1376,49758,104,54212,7782,0,2,0,2136918110,4079002,139.0,
4360325,10709408,1376,48884,110,54239,7784,0,2,0,2136918110,4130544,139.0,
4360345,10710784,1376,48904,112,54258,7785,0,2,0,2136918110,4193571,139.0,
4360364,10719040,1376,47137,113,54278,7791,0,2,0,2136918110,4250124,139.0,
4367274,10732800,1376,50477,119,54297,7801,0,2,0,2136953886,4309699,139.0,
4367329,10738304,1376,49639,129,61207,7805,0,2,0,2136953886,4310710,139.0,
4367352,10743808,1376,48769,133,61262,7809,0,2,0,2136953886,4338322,139.0,
4367372,10746560,1376,47897,137,61285,7811,0,2,0,2136953886,4371811,139.0,
4367391,10752064,1376,47012,135,55385,7815,0,2,0,2136953886,4420244,139.0,
4368708,10761696,1376,45600,115,54910,7822,0,2,0,2136958014,4463310,139.0,
4368768,10774080,1376,42930,122,55820,7831,0,2,0,2136958014,4507178,139.0,
4368792,10776832,1376,42954,131,57639,7833,0,2,0,2136958014,4566158,139.0,
4368814,10783712,1376,41157,133,60369,7838,0,2,0,2136958014,4650702,139.0,
4379813,10785088,1376,52156,138,61278,7839,0,2,0,2137010302,4738117,139.0,
4401532,10787840,1376,60827,139,62188,7841,0,2,0,2137062590,4726878,140.0,
4401620,10793344,1376,59948,139,66961,7845,0,2,0,2137066718,4587098,140.0,
4410642,10800224,1376,57223,138,66587,7850,0,2,0,2137070846,4473865,140.0,
4410734,10808480,1376,55208,97,58114,7856,0,2,0,2137079102,4403766,140.0,
4410811,10811232,1376,54933,103,58206,7858,0,2,0,2137079102,4353774,140.0,
4410841,10822240,1376,52161,105,59969,7866,0,2,0,2137083230,4335026,140.0,
4410866,10831872,1376,49404,108,54438,7873,0,2,0,2137083230,4325536,140.0,
4410888,10833248,1376,49426,82,50502,7874,0,2,0,2137083230,4345375,140.0,
4410906,10836000,1376,48806,83,50524,7876,0,2,0,2137083230,4384232,140.0,
4421344,10844256,1376,57328,85,50542,7882,0,2,0,2137114878,4425368,140.0,
4421457,10856640,1376,54568,91,60980,7891,0,2,0,2137123134,4352391,140.0,
4421484,10858016,1376,54595,100,61093,7892,0,2,0,2137123134,4308495,140.0,
4421504,10866272,1376,52699,101,61120,7898,0,2,0,2137123134,4299070,140.0,
4421524,10869024,1376,51761,107,61140,7900,0,2,0,2137123134,4300209,140.0,
4425752,10870400,1376,55989,85,54133,7901,0,2,0,2137143774,4320261,140.0,
4425808,10877280,1376,54539,86,58361,7906,0,2,0,2137143774,4295355,140.0,
4425832,10881408,1376,53692,68,56994,7909,0,2,0,2137143774,4282405,140.0,
4425855,10888288,1376,51973,71,57018,7914,0,2,0,2137143774,4285263,140.0,
4425881,10926816,1376,44158,76,57041,7942,0,2,0,2137143774,4296214,140.0,
4425908,10943328,1376,40109,103,54066,7954,0,2,0,2137143774,4314334,140.0,
4431754,10952960,1376,44209,115,54940,7961,0,2,0,2137171294,4420238,140.0,
4431816,10968096,1376,40777,122,58142,7972,0,2,0,2137171294,4488274,140.0,
4441208,10974976,1376,49296,133,59888,7977,0,2,0,2137212574,4568469,140.0,
4461183,10977728,1376,59605,138,63382,7979,0,2,0,2137252478,4573339,140.0,
4461274,10983232,1376,59246,138,60873,7983,0,2,0,2137256606,4473129,140.0,
4471275,11002496,1376,57296,138,61007,7997,0,2,0,2137260734,4388040,140.0,
4471389,11005248,1376,56788,121,60369,7999,0,2,0,2137268990,4307240,140.0,
4471412,11009376,1376,55879,123,60483,8002,0,2,0,2137268990,4276177,140.0,
4480288,11010752,1376,64755,126,60506,8003,0,2,0,2137288254,4249138,140.0,
4480381,11013504,1376,63915,127,69382,8005,0,2,0,2137291006,4150419,140.0,
4480436,11042400,1376,56649,129,69475,8026,0,2,0,2137293758,4075258,140.0,
