now_us,bytes_acked,mss,rtt_us,tp_deliver_rate,tp_interval,tp_delivered,lost_pkt,total_retrans_pkt,app_limited,snd_nxt,sk_pacing_rate,snd_una,cwnd_MB,ssthresh_pkt
0,1,1370,7744,0,0,1,0,0,1,3473569077,1.84467440737096E+019,3473569077,0.0137,2147483647
11708,43,1370,11387,0,0,2,0,0,1,3473569119,3538223,3473569119,0.0137,2147483647
23605,1579,1370,4106,1,11387,4,0,0,1,3473570655,3341718,3473570655,0.0137,2147483647
36785,1627,1370,9908,2,4106,5,0,0,1,3473570703,3564111,3473570703,0.0137,2147483647
86072,1643,1370,43580,2,4106,6,0,0,1,3473570719,3439888,3473570719,0.0137,2147483647
91691,1687,1370,5596,2,4106,7,0,0,1,3473570763,2206607,3473570763,0.0137,2147483647
100031,1755,1370,4949,1,5596,8,0,0,0,3473570831,2369294,3473570831,0.0137,2147483647
103959,2383,1370,3801,1,4949,9,0,0,1,3473571459,2551745,3473571459,0.0137,2147483647
126214,3547,1370,12413,1,3801,10,0,0,1,3473572623,2775878,3473572623,0.0137,2147483647
171686,3659,1370,45145,1,3801,11,0,0,1,3473572735,2689273,3473572735,0.0137,2147483647
227713,3779,1370,3043,1,3801,12,0,0,1,3473572855,1882094,3473572855,0.0137,2147483647
234676,3855,1370,2073,1,3043,13,0,0,1,3473572931,2088593,3473572931,0.0137,2147483647
237655,9335,1370,2003,1,2073,17,0,0,1,3473586631,2334249,3473578411,0.0137,2147483647
240074,14815,1370,3248,4,2003,21,0,0,1,3473596221,3645911,3473583891,0.01918,2147483647
242365,25775,1370,2018,4,2003,29,0,0,1,3473608551,5130952,3473594851,0.02466,2147483647
244888,38105,1370,1910,12,4710,38,0,0,0,3473623621,8086495,3473607181,0.03562,2147483647
257797,54545,1370,12416,17,6152,50,0,0,0,3473642801,11587373,3473623621,0.04795,2147483647
257880,73725,1370,10636,21,15432,64,0,0,0,3473686641,14160790,3473642801,0.06439,2147483647
272104,95645,1370,14266,26,12992,80,0,0,0,3473726371,17997442,3473664721,0.08357,2147483647
272218,117565,1370,13606,30,14307,96,0,0,0,3473755141,21290949,3473686641,0.10549,2147483647
272784,142225,1370,12624,46,14421,114,0,0,0,3473814051,24569252,3473711301,0.12741,2147483647
272835,153185,1370,11304,50,14904,122,0,0,0,3473849671,28549369,3473722261,0.15207,2147483647
273032,157295,1370,11501,58,14955,125,0,0,0,3473849671,30374959,3473726371,0.16303,2147483647
275186,184695,1370,3008,61,15152,145,0,0,0,3473886661,30865043,3473753771,0.16714,2147483647
280180,217575,1370,7327,65,14340,169,0,0,0,3473948311,39489983,3473786651,0.19454,2147483647
280270,223055,1370,6134,73,14241,173,0,0,0,3473996261,47273908,3473792131,0.22742,2147483647
280322,244975,1370,6186,77,15524,189,0,0,0,3473996261,50710358,3473814051,0.2329,2147483647
280363,261415,1370,5112,93,15524,201,0,0,0,3474059281,57843796,3473830491,0.25482,2147483647
299644,280595,1370,24393,87,15091,215,0,0,0,3474101751,64985101,3473849671,0.27126,2147483647
299762,299775,1370,23263,101,26860,229,0,0,0,3474140111,56101989,3473868851,0.29044,2147483647
299812,317585,1370,23313,104,26730,242,0,0,0,3474178471,51742931,3473886661,0.30962,2147483647
299847,338135,1370,22150,117,26780,257,0,0,0,3474178471,48921717,3473907211,0.32743,2147483647
299892,364165,1370,22195,112,24661,276,0,0,0,3474178471,48058557,3473933241,0.34798,2147483647
299930,376495,1370,21053,131,24706,285,0,0,0,3474233271,48428855,3473945571,0.37401,2147483647
299962,379235,1370,21085,140,24744,287,0,0,0,3474233271,47853592,3473948311,0.38634,2147483647
300016,414855,1370,19786,142,24776,313,0,0,0,3474233271,46418169,3473983931,0.38908,2147483647
300049,427185,1370,19819,144,19836,322,0,0,0,3474233271,49551172,3473996261,0.4247,2147483647
300088,453215,1370,19351,153,19869,341,0,0,0,3474233271,50013088,3474022291,0.43703,2147483647
300120,490205,1370,19383,152,19766,368,0,0,0,3474233271,52290666,3474059281,0.46306,2147483647
300155,529935,1370,18329,179,19798,397,0,0,0,3474233271,55809151,3474099011,0.50005,365
1308666,17930305,1370,57596,662,56766,13098,0,0,0,3492780331,33500492,3491499381,1.31383,365
1308784,17954965,1370,56438,676,61213,13116,0,0,0,3492814581,32622587,3491524041,1.3152,365
1308822,17964555,1370,56476,690,59077,13123,0,0,0,3492814581,31990361,3491533631,1.31657,365
1308855,18000175,1370,53963,697,59115,13149,0,0,0,3492814581,31426406,3491569251,1.31657,365
1308916,18033055,1370,54024,723,59381,13173,0,0,0,3492852941,31107853,3491602131,1.31931,365
1308954,18045385,1370,52790,747,59381,13182,0,0,0,3492889931,30902511,3491614461,1.32068,365
1308985,18067305,1370,52821,756,60653,13198,0,0,0,3492889931,30789492,3491636381,1.32068,365
1309034,18090595,1370,51597,772,60653,13215,0,0,0,3492889931,30720790,3491659671,1.32205,365
1309065,18101555,1370,51628,789,61926,13223,0,0,0,3492889931,30755900,3491670631,1.32342,365
1309098,18134435,1370,50388,797,61926,13247,0,0,0,3492889931,30756421,3491703511,1.32342,365
1309129,18170055,1370,49147,821,63199,13273,0,0,0,3492889931,30881410,3491739131,1.32479,365
1309165,18179645,1370,47910,847,64471,13280,0,0,0,3492889931,31025135,3491748721,1.32753,365
1309487,18191975,1370,48232,854,65744,13289,0,0,0,3492928291,31286841,3491761051,1.32753,365
1345642,18204305,1370,84387,863,65744,13298,0,0,0,3493081731,31526941,3491773381,1.3289,365
1345758,18235815,1370,83230,872,95935,13321,0,0,0,3493102281,29096150,3491804891,1.3289,365
1345820,18238555,1370,83292,895,96051,13323,0,0,0,3493135161,27352991,3491807631,1.33027,365
1345856,18272805,1370,82056,897,96113,13348,0,0,0,3493135161,25966357,3491841881,1.33027,365
1345899,18281025,1370,78274,922,96149,13354,0,0,0,3493166671,24974767,3491850101,1.33301,365
1345930,18285135,1370,78305,924,78289,13357,0,0,0,3493166671,24300149,3491854211,1.33301,365
1345961,18318015,1370,78100,927,78320,13381,0,0,0,3493166671,23737694,3491887091,1.33301,365
1346010,18326235,1370,76851,925,78296,13387,0,0,0,3493166671,23299087,3491895311,1.33438,365
1346042,18349525,1370,76883,900,78310,13404,0,0,0,3493166671,22959790,3491918601,1.33438,365
1346073,18371445,1370,75620,917,78342,13420,0,0,0,3493166671,22692876,3491940521,1.33575,365
1346109,18381035,1370,75656,729,78189,13427,0,0,0,3493166671,22517466,3491950111,1.33712,365
1346144,18415285,1370,73115,736,78225,13452,0,0,0,3493166671,22345036,3491984361,1.33712,365
1346175,18434465,1370,73146,761,78260,13466,0,0,0,3493166671,22290096,3492003541,1.33986,365
1346205,18475565,1370,71889,775,78291,13496,0,0,0,3493166671,22250996,3492044641,1.33986,365
1346240,18501595,1370,70636,805,78321,13515,0,0,0,3493166671,22261148,3492070671,1.3426,365
1346284,18507075,1370,70680,824,78356,13519,0,0,0,3493166671,22350917,3492076151,1.34397,365
1346312,18546805,1370,68133,828,78400,13548,0,0,0,3493166671,22408214,3492115881,1.34397,365
1346336,18590645,1370,66905,758,70609,13580,0,0,0,3493166671,22553824,3492159721,1.34671,365
1346358,18601605,1370,66927,790,70633,13588,0,0,0,3493166671,22715304,3492170681,1.34808,365
1346381,18635855,1370,64446,798,70655,13613,0,0,0,3493166671,22910865,3492204931,1.34945,365
1346403,18681065,1370,63216,823,70678,13646,0,0,0,3493166671,23137990,3492250141,1.35082,365
1354586,18696135,1370,71399,856,70700,13657,0,0,0,3493377651,23394754,3492265211,1.35219,365
1354649,18726275,1370,70210,867,78883,13679,0,0,0,3493377651,23332631,3492295351,1.35356,365
1354681,18727645,1370,70242,889,78946,13680,0,0,0,3493377651,23331237,3492296721,1.35493,365
1354720,18759155,1370,69029,890,78978,13703,0,0,0,3493377651,23308075,3492328231,1.35493,365
1354749,18770115,1370,67806,913,79017,13711,0,0,0,3493377651,23362119,3492339191,1.3563,365
1354774,18815325,1370,66552,888,70454,13744,0,0,0,3493377651,23464024,3492384401,1.35767,365
1354801,18829025,1370,66579,824,70388,13754,0,0,0,3493377651,23555679,3492398101,1.35904,365
1354827,18860535,1370,65390,834,70415,13777,0,0,0,3493377651,23692955,3492429611,1.36041,365
1354870,18905745,1370,63002,857,70441,13810,0,0,0,3493377651,23868892,3492474821,1.36178,365
1354929,18939995,1370,63061,890,70484,13835,0,0,0,3493409161,24049967,3492509071,1.36452,365
1354962,18949585,1370,61879,915,70543,13842,0,0,0,3493409161,24298192,3492518661,1.36589,365
1354995,18976985,1370,61912,922,70576,13862,0,0,0,3493409161,24551923,3492546061,1.36589,365
1355023,18994795,1370,60724,942,70609,13875,0,0,0,3493409161,24801637,3492563871,1.36726,365
1355077,19013975,1370,60778,927,61807,13889,0,0,0,3493409161,25083807,3492583051,1.36863,365
1355138,19040005,1370,59627,941,61861,13908,0,0,0,3493409161,25336061,3492609081,1.37,365
1363591,19052335,1370,68080,935,61850,13917,0,0,0,3493606441,25621011,3492621411,1.37137,365
1363642,19085215,1370,66891,944,70303,13941,0,0,0,3493606441,25430472,3492654291,1.37137,365
1363687,19129055,1370,65750,857,70256,13973,0,0,0,3493606441,25349132,3492698131,1.37274,365
1363720,19171525,1370,64597,889,70301,14004,0,0,0,3493606441,25304715,3492740601,1.37548,365
1363750,19174265,1370,63441,920,70334,14006,0,0,0,3493606441,25303007,3492743341,1.37685,365
1363779,19211255,1370,63470,922,70364,14033,0,0,0,3493606441,25393229,3492780331,1.37685,365
1363807,19219475,1370,55065,949,70393,14039,0,0,0,3493606441,25521968,3492788551,1.37959,365
1363845,19245505,1370,55103,941,57672,14058,0,0,0,3493606441,26013281,3492814581,1.37959,365
1363872,19264685,1370,54605,960,57672,14072,0,0,0,3493606441,26483181,3492833761,1.38096,365
1365390,19270165,1370,56123,923,55017,14076,0,0,0,3493674941,26938236,3492839241,1.38233,365
1367954,19283865,1370,58687,927,56535,14086,0,0,0,3493709191,27239818,3492852941,1.38233,365
1368189,19314005,1370,57689,937,59099,14108,0,0,0,3493709191,27363896,3492883081,1.38233,365
1384860,19329075,1370,73163,935,59273,14119,0,0,0,3494188691,27584796,3492898151,1.38507,365
1384915,19359215,1370,73218,839,75695,14141,0,0,0,3494188691,26800457,3492928291,1.38507,365
1384952,19400315,1370,70812,861,75750,14171,0,0,0,3494188691,26234680,3492969391,1.38644,365
1384999,19435935,1370,70859,882,75465,14197,0,0,0,3494188691,25847764,3493005011,1.38918,365
1385031,19444155,1370,69674,908,75512,14203,0,0,0,3494188691,25557910,3493013231,1.39055,365
1385087,19474295,1370,69730,914,75544,14225,0,0,0,3494188691,25345130,3493043371,1.39055,365
1385116,19487995,1370,68543,936,75600,14235,0,0,0,3494188691,25183958,3493057071,1.39192,365
1385162,19512655,1370,68589,946,75629,14253,0,0,0,3494188691,25103758,3493081731,1.39329,365
1385191,19531835,1370,39476,964,75675,14267,0,0,0,3494188691,25035033,3493100911,1.39466,365
1385219,19533205,1370,39504,969,84460,14268,0,0,0,3494188691,26385593,3493102281,1.39466,365
1385247,19566085,1370,39178,970,84460,14292,0,0,0,3494188691,27718371,3493135161,1.39603,365
1385300,19575675,1370,38029,971,83541,14299,0,0,0,3494224311,29021618,3493144751,1.3974,365
1385328,19597595,1370,38057,951,83471,14315,0,0,0,3494224311,30317022,3493166671,1.3974,365
1385353,19618145,1370,36821,967,83471,14330,0,0,0,3494224311,31578062,3493187221,1.39877,365
1385379,19657875,1370,35558,684,65345,14359,0,0,0,3494224311,32871556,3493226951,1.40014,365
1385420,19661985,1370,34311,713,66634,14362,0,0,0,3494224311,34093173,3493231061,1.40151,365
1391928,19688015,1370,40819,716,67922,14381,0,0,0,3494394191,35441917,3493257091,1.40151,365
1392006,19705825,1370,39609,735,67922,14394,0,0,0,3494436661,36072195,3493274901,1.40151,365
1392099,19718155,1370,39702,748,69210,14403,0,0,0,3494480501,36763529,3493287231,1.40151,365
1392127,19749665,1370,37153,757,69210,14426,0,0,0,3494480501,37380868,3493318741,1.40151,365
1392153,19778435,1370,37179,780,71787,14447,0,0,0,3494480501,38073733,3493347511,1.40151,365
1392173,19793505,1370,35911,801,71787,14458,0,0,0,3494480501,38842381,3493362581,1.40151,365
1397522,19808575,1370,41260,812,73075,14469,0,0,0,3494620241,39688778,3493377651,1.40151,365
1397578,19837345,1370,40027,823,73075,14490,0,0,0,3494620241,39819749,3493406421,1.40151,365
1397611,19879815,1370,37467,680,65683,14521,0,0,0,3494620241,40081673,3493448891,1.40151,365
1402126,19923655,1370,40699,613,64633,14553,0,0,0,3494806561,40309714,3493492731,1.40151,365
1402372,19967495,1370,39661,645,65916,14585,0,0,0,3494806561,40357085,3493536571,1.40425,365
1408760,20011335,1370,43483,677,67200,14617,0,0,0,3494942191,40494530,3493580411,1.40562,365
1409083,20055175,1370,42522,709,69766,14649,0,0,0,3494988771,40045186,3493624251,1.40836,365
1412940,20099015,1370,45108,577,57294,14681,0,0,0,3495035351,39933496,3493668091,1.4111,365
1415139,20142855,1370,44778,609,58565,14713,0,0,0,3495080561,39509189,3493711931,1.41247,365
1417464,20186695,1370,45861,605,59861,14745,0,0,0,3495125771,39083964,3493755771,1.41521,365
1417745,20230535,1370,44901,637,61103,14777,0,0,0,3495170981,38715059,3493799611,1.41658,365
1420719,20274375,1370,46633,669,62344,14809,0,0,0,3495216191,38544693,3493843451,1.41932,365
1427409,20311365,1370,52082,701,63586,14836,0,0,0,3495261401,38220355,3493880441,1.42206,365
1427504,20318215,1370,50935,728,64827,14841,0,0,0,3495303871,37350053,3493887291,1.42343,365
1427550,20345615,1370,50981,733,66069,14861,0,0,0,3495303871,36826337,3493914691,1.42343,365
1427595,20362055,1370,49784,753,66069,14873,0,0,0,3495339491,36410603,3493931131,1.4248,365
1429829,20379865,1370,52018,765,67311,14886,0,0,0,3495339491,36173394,3493948941,1.42617,365
1436189,20436035,1370,55895,778,67311,14927,0,0,0,3495375111,35729057,3494005111,1.42617,365
1436298,20448365,1370,56004,819,69794,14936,0,0,0,3495416211,34988528,3494017441,1.43028,365
1436343,20479875,1370,54807,828,69794,14959,0,0,0,3495447721,34379664,3494048951,1.43028,365
1436372,20516865,1370,53595,851,71036,14986,0,0,0,3495447721,33996853,3494085941,1.43165,365
1436411,20523715,1370,52392,878,72277,14991,0,0,0,3495487451,33670994,3494092791,1.43302,365
1438589,20551115,1370,54570,883,73519,15011,0,0,0,3495527181,33594566,3494120191,1.43439,365
1438649,20567555,1370,53389,903,73519,15023,0,0,0,3495527181,33355345,3494136631,1.43576,365
1438720,20585365,1370,53460,915,74760,15036,0,0,0,3495566911,33215802,3494154441,1.43576,365
1440891,20611395,1370,54389,928,74760,15055,0,0,0,3495591571,33120589,3494180471,1.43713,365
1445322,20655235,1370,57578,947,76002,15087,0,0,0,3495591571,32968544,3494224311,1.4385,365
1445427,20697705,1370,56456,795,60075,15118,0,0,0,3495665551,32529580,3494266781,1.44124,365
1445468,20699075,1370,55299,756,60007,15119,0,0,0,3495703911,32310575,3494268151,1.44261,365
1445569,20740175,1370,55400,757,60048,15149,0,0,0,3495703911,32181287,3494309251,1.44261,365
1445600,20742915,1370,54232,787,60149,15151,0,0,0,3495703911,32122458,3494311991,1.44535,365
1452138,20782645,1370,60770,789,60180,15180,0,0,0,3495742271,32104768,3494351721,1.44535,365
1452215,20786755,1370,59649,818,66718,15183,0,0,0,3495780631,31641242,3494355831,1.44672,365
1452249,20825115,1370,59683,821,66795,15211,0,0,0,3495780631,31300241,3494394191,1.44672,365
1452292,20830595,1370,58528,849,66829,15215,0,0,0,3495818991,31064156,3494399671,1.44946,365
1454467,20867585,1370,60703,834,60364,15242,0,0,0,3495849131,30889276,3494436661,1.44946,365
1454540,20874435,1370,59598,861,62539,15247,0,0,0,3495886121,30619801,3494443511,1.45083,365
1456820,20911425,1370,61878,853,62534,15274,0,0,0,3495895711,30465201,3494480501,1.4522,365
1456912,20918275,1370,60778,880,64814,15279,0,0,0,3495932701,30185431,3494487351,1.45357,365
1497366,20962115,1370,100058,821,64739,15311,0,0,0,3495932701,29991256,3494531191,1.45357,365
1497497,21005955,1370,99016,853,105193,15343,0,0,0,3495966951,27501816,3494575031,1.45631,365
1497551,21049795,1370,99070,885,105324,15375,0,0,0,3495999831,25676706,3494618871,1.45768,365
1497587,21093635,1370,97932,917,105378,15407,0,0,0,3495999831,24342742,3494662711,1.46042,365
1497621,21097745,1370,97966,886,99976,15410,0,0,0,3495999831,23291887,3494666821,1.46316,365
1497656,21137475,1370,96845,889,100010,15439,0,0,0,3495999831,22451111,3494706551,1.46316,365
1497690,21181315,1370,95724,918,100045,15471,0,0,0,3495999831,21821981,3494750391,1.46453,365
1497742,21225155,1370,94620,950,100079,15503,0,0,0,3495999831,21321917,3494794231,1.46727,365
1497776,21237485,1370,94654,982,100131,15512,0,0,0,3495999831,20923809,3494806561,1.46864,365
1497809,21268995,1370,93532,991,100165,15535,0,0,0,3495999831,20624181,3494838071,1.47001,365
1497839,21312835,1370,92412,950,95437,15567,0,0,0,3495999831,20404806,3494881911,1.47138,365
1497883,21356675,1370,91305,982,95467,15599,0,0,0,3495999831,20237260,3494925751,1.47412,365
1497930,21373115,1370,91352,1014,95511,15611,0,0,0,3495999831,20110948,3494942191,1.47549,365
1497959,21400515,1370,89154,1026,95558,15631,0,0,0,3495999831,20035436,3494969591,1.47686,365
1497994,21444355,1370,88608,1014,89199,15663,0,0,0,3496027231,20034203,3495013431,1.47823,365
1498017,21488195,1370,85024,1014,88911,15695,0,0,0,3496027231,20034471,3495057271,1.4796,365
1498038,21511485,1370,85045,1014,85077,15712,0,0,0,3496027231,20071346,3495080561,1.48234,365
1498085,21532035,1370,82901,1031,85098,15727,0,0,0,3496027231,20191824,3495101111,1.48371,365
1498105,21575875,1370,80590,1014,82946,15759,0,0,0,3496027231,20362738,3495144951,1.48508,365
1498367,21619715,1370,80268,1014,80641,15791,0,0,0,3496027231,20516200,3495188791,1.48645,365
1498388,21663555,1370,77626,1014,80622,15823,0,0,0,3496027231,20735603,3495232631,1.48919,365
1498718,21707395,1370,71256,1014,77669,15855,0,0,0,3496054631,20933575,3495276471,1.49056,365
1498746,21751235,1370,70716,1019,71309,15887,0,0,0,3496083401,21204368,3495320311,1.4933,365
1499689,21795075,1370,69812,1026,71196,15919,0,0,0,3496083401,21667117,3495364151,1.49604,365
1500002,21838915,1370,63761,1033,69860,15951,0,0,0,3496112171,22059562,3495407991,1.49741,365
1504485,21882755,1370,66741,1024,63813,15983,0,0,0,3496169711,22491004,3495451831,1.50015,365
1508765,21926595,1370,69841,997,68113,16015,0,0,0,3496260131,22934035,3495495671,1.50152,365
1509024,21970435,1370,68917,1024,72354,16047,0,0,0,3496260131,23255009,3495539511,1.50426,365
1513170,22014275,1370,71867,1024,70375,16079,0,0,0,3496380691,23583032,3495583351,1.507,365
1520068,22058115,1370,74694,1043,74450,16111,0,0,0,3496531391,23744548,3495627191,1.50837,365
1520124,22101955,1370,73086,1024,74746,16143,0,0,0,3496531391,23689170,3495671031,1.51111,365
1522385,22145795,1370,74160,1025,74697,16175,0,0,0,3496591671,23780392,3495714871,1.51248,365
1524847,22189635,1370,72667,1024,76785,16207,0,0,0,3496651951,23861575,3495758711,1.51522,365
1527108,22233475,1370,74321,1027,72709,16239,0,0,0,3496712231,23888188,3495802551,1.51796,365
1540893,22273205,1370,86872,1028,74859,16268,0,0,0,3497027331,23961794,3495842281,1.51933,365
1559303,22349925,1370,102432,1053,88601,16324,0,0,0,3497358871,23540198,3495919001,1.52207,365
1559344,22393765,1370,61901,1050,102483,16356,0,0,0,3497419151,22575424,3495962841,1.52481,365
1559358,22438975,1370,60012,1045,100135,16389,0,0,0,3497419151,21892707,3496008051,1.52755,365
1559366,22484185,1370,58652,758,90541,16422,0,0,0,3497419151,22670263,3496053261,1.53029,365
1576301,22529395,1370,72921,599,79952,16455,0,0,0,3497569851,23449832,3496098471,1.53166,365
1576357,22573235,1370,70394,536,76612,16487,0,0,0,3497630131,23596851,3496142311,1.5344,365
1576371,22618445,1370,69129,536,76355,16520,0,0,0,3497630131,23831897,3496187521,1.53714,365
1576384,22663655,1370,66513,537,71886,16553,0,0,0,3497661641,24125527,3496232731,1.53851,365
1576396,22691055,1370,66525,570,72127,16573,0,0,0,3497661641,24463517,3496260131,1.54125,365
1576409,22708865,1370,65224,590,72127,16586,0,0,0,3497661641,24858331,3496277941,1.54262,365
1576419,22752705,1370,62678,539,71078,16618,0,0,0,3497661641,25250089,3496321781,1.54262,365
1576436,22797915,1370,61417,571,73634,16651,0,0,0,3497661641,25648197,3496366991,1.54536,365
1576446,22811615,1370,61427,604,74912,16661,0,0,0,3497661641,26127626,3496380691,1.5481,365
1576457,22843125,1370,58891,614,74912,16684,0,0,0,3497661641,26579675,3496412201,1.5481,365
1584757,22888335,1370,65921,605,76263,16717,0,0,0,3497867141,27074436,3496457411,1.54947,365
1584783,22932175,1370,64678,638,77533,16749,0,0,0,3497867141,27195821,3496501251,1.55221,365
1584802,22977385,1370,62158,670,78802,16782,0,0,0,3497867141,27370860,3496546461,1.55495,365
1584814,22992455,1370,62170,639,75606,16793,0,0,0,3497867141,27635362,3496561531,1.55632,365
1584823,23022595,1370,60912,650,75606,16815,0,0,0,3497867141,27939218,3496591671,1.55769,365
1610757,23067805,1370,84315,672,76873,16848,0,0,0,3498150731,28280343,3496636881,1.55906,365
1610893,23082875,1370,84451,673,88372,16859,0,0,0,3498184981,27327087,3496651951,1.5618,365
1610944,23111645,1370,83239,684,88508,16880,0,0,0,3498213751,26558919,3496680721,1.5618,365
1610979,23156855,1370,80751,673,86097,16913,0,0,0,3498213751,25998579,3496725931,1.56317,365
1611021,23202065,1370,79478,674,83871,16946,0,0,0,3498246631,25551711,3496771141,1.56591,365
1611057,23206175,1370,79514,707,83913,16949,0,0,0,3498246631,25262623,3496775251,1.56728,365
1611090,23247275,1370,76917,710,83949,16979,0,0,0,3498246631,25071406,3496816351,1.56865,365
1611195,23291115,1370,75707,740,83982,17011,0,0,0,3498246631,24962308,3496860191,1.57002,365
1611227,23336325,1370,73109,772,84087,17044,0,0,0,3498246631,24941927,3496905401,1.57276,365
1611259,23363725,1370,73141,805,85331,17064,0,0,0,3498246631,24960726,3496932801,1.57413,365
1611307,23381535,1370,71874,825,85331,17077,0,0,0,3498246631,25087538,3496950611,1.5755,365
1611353,23426745,1370,70605,838,86646,17110,0,0,0,3498246631,25255385,3496995821,1.57687,365
1611397,23470585,1370,68019,871,87961,17142,0,0,0,3498279511,25426701,3497039661,1.57961,365
1611421,23488395,1370,68043,874,89357,17155,0,0,0,3498279511,25673204,3497057471,1.58098,365
1611444,23515795,1370,66785,887,89357,17175,0,0,0,3498279511,25952439,3497084871,1.58235,365
1611463,23561005,1370,64244,907,90638,17208,0,0,0,3498279511,26261155,3497130081,1.58372,365
1621760,23578815,1370,74541,940,93198,17221,0,0,0,3498509671,26561819,3497147891,1.58646,365
1621841,23606215,1370,73341,953,93198,17241,0,0,0,3498542551,26429574,3497175291,1.58646,365
1621889,23650055,1370,70828,973,94479,17273,0,0,0,3498542551,26392399,3497219131,1.58783,365
1621921,23674715,1370,69580,1005,97040,17291,0,0,0,3498542551,26383354,3497243791,1.59057,365
1621950,23719925,1370,68329,1023,98320,17324,0,0,0,3498542551,26473961,3497289001,1.59194,365
1621977,23729515,1370,68356,1056,99600,17331,0,0,0,3498542551,26614263,3497298591,1.59331,365
1622014,23765135,1370,65832,1063,99600,17357,0,0,0,3498576801,26799608,3497334211,1.59468,365
1622089,23810345,1370,62760,1089,102161,17390,0,0,0,3498576801,27025690,3497379421,1.59605,365
1631815,23854185,1370,70483,1066,102458,17422,0,0,0,3498782301,27311069,3497423261,1.59879,365
1631913,23880215,1370,70581,1000,72449,17441,0,0,0,3498816551,27226049,3497449291,1.60016,365
1631950,23899395,1370,69333,1019,72547,17455,0,0,0,3498816551,27246751,3497468471,1.60153,365
1631980,23910355,1370,69363,1033,72584,17463,0,0,0,3498816551,27328224,3497479431,1.6029,365
1632008,23940495,1370,68105,1041,72614,17485,0,0,0,3498816551,27377867,3497509571,1.6029,365
1632035,23944605,1370,66847,1063,72642,17488,0,0,0,3498816551,27506535,3497513681,1.60427,365
1665805,23970635,1370,100617,1066,72669,17507,0,0,0,3499119321,27685287,3497539711,1.60564,365
1665926,23989815,1370,99453,1085,106439,17521,0,0,0,3499146721,26246494,3497558891,1.60701,365
1665979,24000775,1370,99506,1099,106560,17529,0,0,0,3499146721,25135509,3497569851,1.60701,365
1666026,24030915,1370,89694,1107,106613,17551,0,0,0,3499178231,24256419,3497599991,1.60838,365
1666067,24033655,1370,89096,1096,89725,17553,0,0,0,3499208371,23896937,3497602731,1.60975,365
1666098,24061055,1370,89127,1098,89766,17573,0,0,0,3499208371,23595479,3497630131,1.60975,365
1666130,24078865,1370,87882,1118,89797,17586,0,0,0,3499208371,23356652,3497647941,1.61112,365
1666180,24092565,1370,87932,1066,89759,17596,0,0,0,3499208371,23177865,3497661641,1.61112,365
1666214,24124075,1370,86660,1076,89809,17619,0,0,0,3499208371,23041537,3497693151,1.61249,365
1666246,24126815,1370,86692,935,89757,17621,0,0,0,3499208371,22969417,3497695891,1.61386,365
1666278,24161065,1370,85458,937,89789,17646,0,0,0,3499208371,22888688,3497730141,1.61386,365
1666308,24169285,1370,84223,962,89821,17652,0,0,0,3499208371,22879455,3497738361,1.61523,365
1666338,24195315,1370,84253,968,89851,17671,0,0,0,3499208371,22915530,3497764391,1.6166,365
1666368,24213125,1370,83018,987,89881,17684,0,0,0,3499208371,22948572,3497782201,1.61797,365
1666398,24229565,1370,83048,1000,89911,17696,0,0,0,3499208371,23002507,3497798641,1.61797,365
1666456,24258335,1370,81841,1012,89941,17717,0,0,0,3499208371,23068377,3497827411,1.61934,365
1666488,24263815,1370,81873,1033,89999,17721,0,0,0,3499208371,23170239,3497832891,1.62071,365
1666519,24298065,1370,80639,1037,90031,17746,0,0,0,3499208371,23241678,3497867141,1.62071,365
1666550,24303545,1370,79405,1062,90062,17750,0,0,0,3499208371,23367439,3497872621,1.62208,365
1674368,24333685,1370,87223,935,81727,17772,0,0,0,3499389211,23524638,3497902761,1.62345,365
1674431,24348755,1370,86027,957,89545,17783,0,0,0,3499389211,23388765,3497917831,1.62482,365
1674465,24369305,1370,86061,968,89608,17798,0,0,0,3499389211,23295745,3497938381,1.62482,365
1674503,24392595,1370,84839,983,89642,17815,0,0,0,3499389211,23233360,3497961671,1.62619,365
1674531,24404925,1370,84867,1000,89680,17824,0,0,0,3499389211,23223659,3497974001,1.62756,365
1674558,24437805,1370,83635,1009,89708,17848,0,0,0,3499389211,23197144,3498006881,1.62756,365
1674584,24440545,1370,83661,1033,89735,17850,0,0,0,3499389211,23255497,3498009621,1.6303,365
1674611,24476165,1370,82428,1035,89761,17876,0,0,0,3499389211,23271507,3498045241,1.6303,365
1674660,24483015,1370,81218,1061,89788,17881,0,0,0,3499389211,23347928,3498052091,1.63167,365
1674687,24511785,1370,81245,1066,89837,17902,0,0,0,3499389211,23440306,3498080861,1.63167,365
1674714,24528225,1370,80012,1087,89864,17914,0,0,0,3499389211,23540517,3498097301,1.63304,365
1674740,24547405,1370,80038,1099,89891,17928,0,0,0,3499389211,23675199,3498116481,1.63441,365
1674767,24572065,1370,78806,1113,89917,17946,0,0,0,3499389211,23795687,3498141141,1.63578,365
1674813,24581655,1370,78852,1131,89944,17953,0,0,0,3499420721,23929306,3498150731,1.63578,365
1674840,24617275,1370,63379,1138,89990,17979,0,0,0,3499420721,24065892,3498186351,1.63715,365
1674873,24662485,1370,62329,1120,85019,18012,0,0,0,3499420721,24754173,3498231561,1.63852,365
1674921,24677555,1370,62377,1099,82316,18023,0,0,0,3499420721,25436771,3498246631,1.64126,365
1674967,24707695,1370,61136,1110,82316,18045,0,0,0,3499453601,26070195,3498276771,1.64126,365
1674991,24710435,1370,61160,935,73083,18047,0,0,0,3499453601,26729260,3498279511,1.64263,365
1683042,24751535,1370,66680,937,73083,18077,0,0,0,3499624851,27334653,3498320611,1.644,365
1683119,24796745,1370,65519,869,71579,18110,0,0,0,3499624851,27560492,3498365821,1.64537,365
1683152,24809075,1370,65552,902,71656,18119,0,0,0,3499624851,27843615,3498378151,1.64811,365
1683181,24841955,1370,64343,911,71689,18143,0,0,0,3499624851,28114648,3498411031,1.64811,365
1683227,24874835,1370,63152,935,71718,18167,0,0,0,3499660471,28441353,3498443911,1.64948,365
1683264,24887165,1370,61951,959,72856,18176,0,0,0,3499660471,28822137,3498456241,1.65222,365
1683291,24931005,1370,60740,968,74094,18208,0,0,0,3499660471,29184774,3498500081,1.65222,365
1683319,24976215,1370,58286,1000,75332,18241,0,0,0,3499660471,29557090,3498545291,1.65496,365
1683380,25007725,1370,58347,910,71412,18264,0,0,0,3499660471,29939254,3498576801,1.65633,365
1683409,25021425,1370,57098,933,71412,18274,0,0,0,3499660471,30424596,3498590501,1.6577,365
1684248,25066635,1370,56683,884,66982,18307,0,0,0,3499698831,30939750,3498635711,1.65907,365
1684493,25072115,1370,56928,917,68236,18311,0,0,0,3499698831,31381612,3498641191,1.66181,365
1693804,25077595,1370,64985,921,68236,18315,0,0,0,3499967351,31795467,3498646671,1.66181,365
1693882,25121435,1370,63809,925,71715,18347,0,0,0,3499967351,31573899,3498690511,1.66181,365
1693917,25166645,1370,62590,957,71793,18380,0,0,0,3499967351,31507169,3498735721,1.66455,365
1693946,25211855,1370,61365,990,71998,18413,0,0,0,3499967351,31505333,3498780931,1.66592,365
1702379,25213225,1370,69798,1023,73252,18414,0,0,0,3500235871,31609021,3498782301,1.66866,365
1702444,25257065,1370,67350,1024,80290,18446,0,0,0,3500235871,31211783,3498826141,1.66866,365
1702482,25300905,1370,66151,958,70409,18478,0,0,0,3500235871,30968716,3498869981,1.67003,365
1702515,25346115,1370,64947,990,71143,18511,0,0,0,3500235871,30859949,3498915191,1.67277,365
1702544,25350225,1370,64976,1023,72380,18514,0,0,0,3500235871,30843047,3498919301,1.67551,365
1702574,25391325,1370,62532,1026,72380,18544,0,0,0,3500235871,30855590,3498960401,1.67551,365
1711061,25436535,1370,69782,1056,74854,18577,0,0,0,3500504391,30963560,3499005611,1.67688,365
1711126,25480375,1370,68610,1089,79026,18609,0,0,0,3500504391,30658450,3499049451,1.67962,365
1711174,25525585,1370,66184,1121,79091,18642,0,0,0,3500504391,30470578,3499094661,1.68236,365
1711204,25570795,1370,45322,1154,79802,18675,0,0,0,3500504391,30357761,3499139871,1.68373,365
1711286,25616005,1370,43583,1168,100694,18708,0,0,0,3500504391,30426650,3499185081,1.68647,365
1718341,25658475,1370,49377,1157,91371,18739,0,0,0,3500734551,31734979,3499227551,1.68921,365
1718410,25703685,1370,46883,989,81819,18772,0,0,0,3500774281,32605272,3499272761,1.69058,365
1718446,25718755,1370,46919,1022,84382,18783,0,0,0,3500774281,33463992,3499287831,1.69058,365
1735763,25762595,1370,61674,1033,84382,18815,0,0,0,3500978411,34437063,3499331671,1.69058,365
1735884,25807805,1370,60514,1065,86944,18848,0,0,0,3501019511,34107425,3499376881,1.69332,365
1735934,25853015,1370,57966,1098,88225,18881,0,0,0,3501060611,33976830,3499422091,1.69469,365
1735987,25898225,1370,56758,858,65424,18914,0,0,0,3501060611,33981307,3499467301,1.69743,365
1736021,25942065,1370,55539,867,65398,18946,0,0,0,3501060611,34173198,3499511141,1.70017,365
1736052,25987275,1370,54317,899,66651,18979,0,0,0,3501060611,34410317,3499556351,1.70154,365
1736094,26021525,1370,53106,932,67904,19004,0,0,0,3501060611,34741490,3499590601,1.70428,365
1736151,26032485,1370,51910,957,69157,19012,0,0,0,3501103081,35200020,3499601561,1.70565,365
1736184,26077695,1370,50690,965,70410,19045,0,0,0,3501103081,35707046,3499646771,1.70702,365
1745042,26121535,1370,58295,902,66656,19077,0,0,0,3501315431,36163098,3499690611,1.70839,365
1745178,26166745,1370,57191,803,61633,19110,0,0,0,3501400371,35994188,3499735821,1.71113,365
1745214,26206475,1370,56021,799,60685,19139,0,0,0,3501400371,35914016,3499775551,1.7125,365
1745246,26211955,1370,54846,828,61628,19143,0,0,0,3501400371,35970928,3499781031,1.71524,365
1745274,26244835,1370,54874,832,62835,19167,0,0,0,3501400371,36158447,3499813911,1.71524,365
1745301,26257165,1370,53695,856,62835,19176,0,0,0,3501400371,36350966,3499826241,1.71661,365
1745356,26262645,1370,53750,865,64041,19180,0,0,0,3501444211,36620048,3499831721,1.71798,365
1754544,26268125,1370,62938,869,64041,19184,0,0,0,3501531891,36828243,3499837201,1.71798,365
1754631,26283195,1370,63025,873,70051,19195,0,0,0,3501555181,36264626,3499852271,1.71798,365
1754679,26311965,1370,61867,884,70138,19216,0,0,0,3501571621,35807203,3499881041,1.71935,365
1754710,26357175,1370,60691,905,70186,19249,0,0,0,3501571621,35508582,3499926251,1.72072,365
1754746,26359915,1370,60727,938,70217,19251,0,0,0,3501614091,35252910,3499928991,1.72209,365
1754773,26402385,1370,58341,940,70253,19282,0,0,0,3501614091,35123074,3499971461,1.72346,365
1754838,26436635,1370,58406,869,63851,19307,0,0,0,3501614091,35101441,3500005711,1.72483,365
1754872,26447595,1370,57227,894,63851,19315,0,0,0,3501656561,35171074,3500016671,1.7262,365
1780346,26474995,1370,82701,902,65064,19335,0,0,0,3501741501,35324115,3500044071,1.72757,365
1780464,26491435,1370,81605,922,86400,19347,0,0,0,3501773011,33631921,3500060511,1.72894,365
1780515,26513355,1370,81656,934,86518,19363,0,0,0,3501773011,32327335,3500082431,1.72894,365
1780562,26536645,1370,80489,950,86569,19380,0,0,0,3501811371,31287861,3500105721,1.73031,365
1780595,26551715,1370,80522,967,86616,19391,0,0,0,3501811371,30501084,3500120791,1.73168,365
1780632,26581855,1370,79346,978,86649,19413,0,0,0,3501848361,29846562,3500150931,1.73305,365
1780664,26627065,1370,78164,1000,86686,19446,0,0,0,3501848361,29360921,3500196141,1.73442,365
1780727,26628435,1370,78227,1033,86718,19447,0,0,0,3501848361,28950591,3500197511,1.73579,365
1780760,26669535,1370,75833,1034,86781,19477,0,0,0,3501848361,28638181,3500238611,1.73579,365
1780793,26714745,1370,74627,933,78186,19510,0,0,0,3501848361,28472291,3500283821,1.73853,365
1780824,26759955,1370,73419,966,78219,19543,0,0,0,3501848361,28369187,3500329031,1.7399,365
1780855,26781875,1370,73450,999,78250,19559,0,0,0,3501848361,28362704,3500350951,1.74264,365
1780922,26805165,1370,72278,1015,78281,19576,0,0,0,3501848361,28398434,3500374241,1.74401,365
1780965,26849005,1370,71083,1032,78348,19608,0,0,0,3501848361,28489168,3500418081,1.74538,365
1780994,26894215,1370,69873,1064,78391,19641,0,0,0,3501848361,28569627,3500463291,1.74675,365
1781018,26896955,1370,69897,1097,78420,19643,0,0,0,3501848361,28724850,3500466031,1.74949,365
1781040,26935315,1370,68680,1099,78444,19671,0,0,0,3501848361,28882380,3500504391,1.74949,365
1781085,26939425,1370,67486,1127,78466,19674,0,0,0,3501848361,29128332,3500508501,1.75223,365
1781106,26973675,1370,67507,966,69799,19699,0,0,0,3501848361,29367342,3500542751,1.75223,365
1781128,26984635,1370,66320,991,69820,19707,0,0,0,3501848361,29601776,3500553711,1.7536,365
1789086,27012035,1370,74278,999,69842,19727,0,0,0,3502107291,29852003,3500581111,1.7536,365
1789144,27028475,1370,73127,1019,77800,19739,0,0,0,3502107291,29676041,3500597551,1.75497,365
1789193,27050395,1370,73176,1031,77858,19755,0,0,0,3502107291,29586536,3500619471,1.75634,365
1789226,27073685,1370,72001,1047,77907,19772,0,0,0,3502107291,29509107,3500642761,1.75771,365
1789253,27088755,1370,72028,1064,77940,19783,0,0,0,3502107291,29505121,3500657831,1.75908,365
1789279,27118895,1370,70845,1075,77967,19805,0,0,0,3502107291,29480140,3500687971,1.75908,365
1789366,27127115,1370,70932,1097,77993,19811,0,0,0,3502107291,29542243,3500696191,1.76045,365
1789399,27164105,1370,69756,1103,78080,19838,0,0,0,3502107291,29595083,3500733181,1.76182,365
1806608,27205205,1370,85756,1130,78113,19868,0,0,0,3502477191,29705472,3500774281,1.76319,365
1806713,27207945,1370,84643,1129,88267,19870,0,0,0,3502538841,28929485,3500777021,1.76456,365
1806746,27246305,1370,84676,1087,88267,19898,0,0,0,3502538841,28374691,3500815381,1.76456,365
1806785,27253155,1370,83521,1115,88300,19903,0,0,0,3502573091,27948222,3500822231,1.7673,365
1806830,27287405,1370,83566,1120,88339,19928,0,0,0,3502573091,27600855,3500856481,1.7673,365
1806858,27298365,1370,82401,1145,88384,19936,0,0,0,3502573091,27323103,3500867441,1.76867,365
1806883,27328505,1370,82426,1153,88412,19958,0,0,0,3502573091,27138010,3500897581,1.77004,365
1806930,27343575,1370,81279,1175,88437,19969,0,0,0,3502573091,26979852,3500912651,1.77141,365
1806957,27369605,1370,81306,1186,88484,19988,0,0,0,3502573091,26873646,3500938681,1.77141,365
1806983,27387415,1370,80139,1205,88511,20001,0,0,0,3502573091,26800956,3500956491,1.77278,365
1807008,27409335,1370,80164,1218,88537,20017,0,0,0,3502573091,26789437,3500978411,1.77415,365
1807037,27432625,1370,71195,1234,88562,20034,0,0,0,3502573091,26780889,3501001701,1.77552,365
1807095,27450435,1370,71253,1219,71274,20047,0,0,0,3502573091,27158368,3501019511,1.77689,365
1807125,27477835,1370,70681,1232,71332,20067,0,0,0,3502573091,27475910,3501046911,1.77689,365
1807151,27491535,1370,70707,1219,71241,20077,0,0,0,3502573091,27807217,3501060611,1.77826,365
1807190,27523045,1370,69536,1229,71267,20100,0,0,0,3502573091,28104783,3501092121,1.77963,365
1808214,27528525,1370,70560,1096,71096,20104,0,0,0,3502644331,28428009,3501097601,1.781,365
1812679,27572365,1370,73819,1100,72120,20136,0,0,0,3502751191,28648025,3501141441,1.781,365
1816985,27616205,1370,76950,1091,76495,20168,0,0,0,3502858051,28671777,3501185281,1.78374,365
1817078,27618945,1370,77043,1123,80801,20170,0,0,0,3502858051,28528001,3501188021,1.78511,365
1817111,27660045,1370,75902,1125,80894,20200,0,0,0,3502858051,28435459,3501229121,1.78511,365
1817209,27703885,1370,74825,1155,80927,20232,0,0,0,3502858051,28452242,3501272961,1.78785,365
1822544,27732655,1370,78986,1187,81025,20253,0,0,0,3503036151,28467721,3501301731,1.79059,365
1822814,27746355,1370,79256,1208,86360,20263,0,0,0,3503036151,28324945,3501315431,1.79196,365
1822851,27776495,1370,77739,1218,86630,20285,0,0,0,3503036151,28170073,3501345571,1.79196,365
1842656,27788825,1370,97544,1208,77809,20294,0,0,0,3503138901,28126898,3501357901,1.79333,365
1842773,27820335,1370,96861,1217,97614,20317,0,0,0,3503152601,27213212,3501389411,1.7947,365
1842823,27831295,1370,96911,1240,97731,20325,0,0,0,3503185481,26492417,3501400371,1.79607,365
1842858,27864175,1370,95766,1248,97781,20349,0,0,0,3503185481,25873951,3501433251,1.79607,365
1842908,27875135,1370,95816,1173,97557,20357,0,0,0,3503218361,25418161,3501444211,1.79744,365
1842939,27908015,1370,94650,1181,97607,20381,0,0,0,3503218361,25033415,3501477091,1.79881,365
1842968,27918975,1370,94679,1201,97583,20389,0,0,0,3503218361,24750270,3501488051,1.80018,365
1843025,27951855,1370,93545,1209,97612,20413,0,0,0,3503218361,24490752,3501520931,1.80018,365
1843056,27962815,1370,93576,1233,97669,20421,0,0,0,3503218361,24343805,3501531891,1.80292,365
1843087,27986105,1370,88495,1241,97700,20438,0,0,0,3503218361,24183801,3501555181,1.80292,365
1843117,27995695,1370,88204,1254,88543,20445,0,0,0,3503218361,24234854,3501564771,1.80429,365
1843148,28002545,1370,88235,1250,88486,20450,0,0,0,3503218361,24273435,3501571621,1.80429,365
1843183,28039535,1370,87811,1255,88517,20477,0,0,0,3503218361,24306237,3501608611,1.80429,365
1843213,28087485,1370,86636,1228,88473,20512,0,0,0,3503218361,24386472,3501656561,1.80703,365
1843245,28123105,1370,85461,1205,88375,20538,0,0,0,3503218361,24460517,3501692181,1.80977,365
1843288,28129955,1370,85504,1223,88373,20543,0,0,0,3503218361,24594096,3501699031,1.81114,365
1843351,28166945,1370,84364,1228,88416,20570,0,0,0,3503218361,24694171,3501736021,1.81114,365
1847154,28203935,1370,66732,1255,88479,20597,0,0,0,3503312891,24841523,3501773011,1.81251,365
1847223,28210785,1370,66333,1262,82777,20602,0,0,0,3503344401,24857358,3501779861,1.81525,365
1849482,28242295,1370,68592,1239,82031,20625,0,0,0,3503410161,25636220,3501811371,1.81525,365
1849542,28254625,1370,67425,1262,82031,20634,0,0,0,3503410161,26288932,3501823701,1.81662,365
1849719,28297095,1370,66363,1243,82044,20665,0,0,0,3503410161,26938048,3501866171,1.81799,365
1858293,28340935,1370,73698,958,68591,20697,0,0,0,3503615661,27526959,3501910011,1.81936,365
1858354,28384775,1370,72520,990,77165,20729,0,0,0,3503615661,27759825,3501953851,1.8221,365
1858403,28428615,1370,70091,1022,77226,20761,0,0,0,3503615661,28003167,3501997691,1.82347,365
1862744,28472455,1370,73193,1054,77275,20793,0,0,0,3503758141,28297384,3502041531,1.82621,365
1862806,28516295,1370,72015,1086,81616,20825,0,0,0,3503758141,28478244,3502085371,1.82895,365
1863130,28558765,1370,71100,1118,81678,20856,0,0,0,3503758141,28676883,3502127841,1.83032,365
1867788,28602605,1370,74513,1018,73731,20888,0,0,0,3503900621,28920458,3502171681,1.83306,365
1868033,28646445,1370,73513,1050,78389,20920,0,0,0,3503900621,28956397,3502215521,1.83443,365
1872255,28649185,1370,77735,1082,78634,20922,0,0,0,3504007481,29059997,3502218261,1.83717,365
1872319,28690285,1370,75308,1084,82856,20952,0,0,0,3504043101,28970638,3502259361,1.83717,365
1890706,28734125,1370,92450,1114,82920,20984,0,0,0,3504078721,28992081,3502303201,1.83991,365
1890812,28777965,1370,91311,1146,101307,21016,0,0,0,3504144481,28201742,3502347041,1.84128,365
1890874,28821805,1370,90128,1178,101413,21048,0,0,0,3504178731,27617622,3502390881,1.84402,365
1890905,28864275,1370,88914,1210,101475,21079,0,0,0,3504178731,27161430,3502433351,1.84539,365
1890934,28908115,1370,87697,1241,101506,21111,0,0,0,3504178731,26846542,3502477191,1.84813,365
1890964,28943735,1370,84303,1273,101535,21137,0,0,0,3504178731,26631063,3502512811,1.85087,365
1891025,28951955,1370,83748,1269,85809,21143,0,0,0,3504178731,26614754,3502521031,1.85224,365
1891104,28995795,1370,82928,1275,86425,21175,0,0,0,3504178731,26605396,3502564871,1.85224,365
1891137,29038265,1370,81735,1277,86106,21206,0,0,0,3504178731,26633396,3502607341,1.85498,365
1898421,29082105,1370,86513,1106,83947,21238,0,0,0,3504376011,26677684,3502651181,1.85635,365
1898484,29125945,1370,85333,1134,90207,21270,0,0,0,3504376011,26498176,3502695021,1.85909,365
1898515,29169785,1370,84120,1166,90270,21302,0,0,0,3504376011,26424134,3502738861,1.86046,365
1902752,29213625,1370,87114,1198,90301,21334,0,0,0,3504474651,26428837,3502782701,1.8632,365
1912412,29231435,1370,95532,1198,90073,21347,0,0,0,3504648641,26321509,3502800511,1.86594,365
1912501,29299935,1370,93136,1211,99733,21397,0,0,0,3504666451,25876412,3502869011,1.86594,365
1912570,29343775,1370,91954,1165,95292,21429,0,0,0,3504732211,25597289,3502912851,1.87005,365
1912602,29387615,1370,90735,1197,95361,21461,0,0,0,3504732211,25415355,3502956691,1.87142,365
1929186,29431455,1370,106067,1229,95393,21493,0,0,0,3504830851,25322672,3503000531,1.87416,365
1929293,29475295,1370,103672,1261,111977,21525,0,0,0,3504862361,24715937,3503044371,1.8769,365
1929340,29519135,1370,102501,1240,106442,21557,0,0,0,3504893871,24274568,3503088211,1.87827,365
1929371,29562975,1370,101314,1272,106489,21589,0,0,0,3504893871,23959430,3503132051,1.88101,365
1929400,29569825,1370,101343,1304,106520,21594,0,0,0,3504893871,23714992,3503138901,1.88238,365
1929432,29606815,1370,86450,1309,106549,21621,0,0,0,3504893871,23543993,3503175891,1.88375,365
1929466,29649285,1370,85243,1304,97070,21652,0,0,0,3504893871,23850170,3503218361,1.88512,365
1935843,29693125,1370,89058,1303,97131,21684,0,0,0,3505082931,24151051,3503262201,1.88786,365
1935919,29736965,1370,87865,1114,92492,21716,0,0,0,3505082931,24281048,3503306041,1.88923,365
1935953,29780805,1370,85363,1146,92568,21748,0,0,0,3505082931,24454884,3503349881,1.89197,365
1942364,29824645,1370,90492,1146,88730,21780,0,0,0,3505240481,24636424,3503393721,1.89334,365
1942443,29828755,1370,90571,1178,95141,21783,0,0,0,3505240481,24687034,3503397831,1.89608,365
1942474,29905475,1370,88075,1181,95220,21839,0,0,0,3505240481,24740520,3503474551,1.89608,365
1942601,29949315,1370,85713,1174,92755,21871,0,0,0,3505240481,24840201,3503518391,1.90019,365
1945133,29993155,1370,87001,1206,92882,21903,0,0,0,3505303501,24998327,3503562231,1.90293,365
1964186,30036995,1370,104810,1238,95414,21935,0,0,0,3505461051,25122932,3503606071,1.9043,365
1964288,30080835,1370,103668,1270,114467,21967,0,0,0,3505513111,24647782,3503649911,1.90704,365
1964344,30124675,1370,101206,1206,105885,21999,0,0,0,3505544621,24271211,3503693751,1.90841,365
1964377,30167145,1370,99980,1238,105941,22030,0,0,0,3505544621,24008039,3503736221,1.91115,365
1964405,30210985,1370,98750,1269,105974,22062,0,0,0,3505544621,23846944,3503780061,1.91252,365
1964432,30224685,1370,98777,1206,101275,22072,0,0,0,3505544621,23764773,3503793761,1.91526,365
1964462,30254825,1370,97575,1216,101302,22094,0,0,0,3505544621,23718405,3503823901,1.91663,365
1964523,30298665,1370,95173,1238,101332,22126,0,0,0,3505544621,23716832,3503867741,1.918,365
1964555,30331545,1370,95205,1270,101393,22150,0,0,0,3505544621,23715719,3503900621,1.91937,365
1964581,30342505,1370,93999,1294,101425,22158,0,0,0,3505544621,23791225,3503911581,1.92074,365
1964607,30367165,1370,94025,1238,96548,22176,0,0,0,3505544621,23896995,3503936241,1.92211,365
1964636,30386345,1370,92828,1256,96574,22190,0,0,0,3505544621,23991518,3503955421,1.92348,365
1968995,30402785,1370,97187,1270,96603,22202,0,0,0,3505670661,24097342,3503971861,1.92348,365
1969069,30406895,1370,96035,1282,100962,22206,0,0,0,3505670661,24070466,3503975971,1.92485,365
1969114,30406895,1370,94855,1286,101036,22222,0,0,0,3505670661,24068114,3503975971,1.92485,365
1973308,30406895,1370,99049,1300,96859,22232,22,12,0,3505670661,21221038,3503975971,1.6577,983
1973400,30406895,1370,82642,1310,101053,22254,22,19,0,3505670661,21132307,3503975971,1.65359,983
1977666,30406895,1370,86276,1270,92502,22286,42,34,0,3505670661,21086347,3503975971,1.6166,983
1977774,30406895,1370,84075,1302,93134,22318,42,42,0,3505689841,21350173,3503975971,1.6029,983
1979985,30406895,1370,85054,1112,86637,22350,42,42,0,3505721351,21877038,3503975971,1.59057,983
1984368,30406895,1370,88204,1144,88848,22382,42,42,0,3505751491,22510412,3503975971,1.57687,983
1984463,30406895,1370,85834,1176,93231,22414,42,42,0,3505781631,23010606,3503975971,1.56454,983
1987029,30406895,1370,87168,1208,93326,22446,42,42,0,3505813141,23537663,3503975971,1.55084,983
1991395,30406895,1370,90301,1240,95892,22478,42,42,0,3505843281,24067893,3503975971,1.53714,983
1991488,30406895,1370,87906,1176,92880,22510,42,42,0,3505874791,24464913,3503975971,1.52481,983
1995792,30406895,1370,90966,1208,92973,22542,42,42,0,3505904931,24918454,3503975971,1.51111,983
1995886,30406895,1370,89811,1208,93040,22574,42,42,0,3505936441,25287403,3503975971,1.49878,983
2002161,30406895,1370,93588,1240,93134,22606,42,42,0,3505966581,25717230,3503975971,1.48508,983
2002259,30406895,1370,92437,1272,99409,22638,42,42,0,3505986047,25949211,3503975971,1.47138,983
2004449,30406895,1370,91643,1304,99507,22670,42,42,0,3505986047,26159126,3503975971,1.45905,983
2007111,30406895,1370,93021,1273,93441,22702,42,42,0,3505986047,26075431,3503975971,1.44535,983
2007639,30406895,1370,92264,1305,94725,22734,42,42,0,3505986047,26013912,3503975971,1.34671,983
2011998,30406895,1370,94026,1273,95037,22766,42,42,0,3505986047,25986742,3503975971,1.34671,983
2014273,30406895,1370,85036,1305,99396,22798,42,42,0,3505986047,25856132,3503975971,1.34671,983
2025181,30406895,1370,95306,1305,106118,22830,42,42,0,3505986047,25753973,3503975971,1.34671,983
2025245,30406895,1370,92768,1305,104254,22862,42,42,0,3505986047,25677421,3503975971,1.34671,983
2025282,30406895,1370,91500,1210,95779,22894,42,42,0,3505986047,25630313,3503975971,1.34671,983
2025312,30406895,1370,88921,1242,95816,22926,42,42,0,3505986047,25676534,3503975971,1.34671,983
2025341,30406895,1370,87645,1274,95846,22964,42,42,0,3505986047,25760880,3503975971,1.34671,983
2031547,30406895,1370,91267,1312,95875,22996,42,42,0,3505986047,25924631,3503975971,1.34671,983
2031612,30406895,1370,90053,1248,95594,23028,42,42,0,3505986047,25898237,3503975971,1.34671,983
2050944,30406895,1370,108106,1280,95659,23060,42,42,0,3505986047,25962839,3503975971,1.34671,983
2053068,30406895,1370,107672,1312,114991,23092,42,42,0,3505986047,25401619,3503975971,1.34671,983
2053133,30406895,1370,106477,1221,110467,23124,42,42,0,3505986047,24902922,3503975971,1.34671,983
2053168,30406895,1370,106512,1253,110532,23127,42,42,0,3505986047,24560005,3503975971,1.34671,983
2053196,30406895,1370,102771,1256,110567,23180,42,42,0,3505986047,24305027,3503975971,1.34671,983
2053230,30406895,1370,101550,1277,108063,23212,42,42,0,3505986047,24085387,3503975971,1.34671,983
2053257,30406895,1370,100323,1309,108097,23244,42,42,0,3505986047,24007400,3503975971,1.34671,983
2053284,30406895,1370,88409,1341,108124,23276,42,42,0,3505986047,23976097,3503975971,1.34671,983
2053312,30406895,1370,87603,1341,105499,23308,42,42,0,3505986047,23985271,3503975971,1.34671,983
2055323,30406895,1370,87008,1341,105089,23339,42,42,0,3505986047,24353835,3503975971,1.34671,983
2060274,30406895,1370,90652,1149,96507,23371,42,42,0,3505986047,24689590,3503975971,1.34671,983
2060335,30411005,1370,89405,1181,97814,23403,39,42,0,3505986047,24873758,3503980081,1.34671,983
2060376,30423335,1370,88000,1181,97978,23412,30,42,0,3505986047,25026438,3503992411,1.34671,983
2060408,30432925,1370,87000,1190,97978,23419,23,42,0,3505986047,25141647,3504002001,1.34671,983
2060435,30480875,1370,87000,1187,99049,23422,20,42,0,3505986047,25293314,3504049951,1.34671,983
2060464,30497315,1370,87000,1168,87035,23434,8,42,0,3505986047,24919872,3504066391,1.34671,983
2060492,30498685,1370,83000,1180,87064,23435,7,42,0,3505986047,24918179,3504067761,1.34671,983
2064760,32101585,1370,87000,1149,86276,23442,0,42,0,3505986047,25224167,3505670661,1.34671,983
